College_Name,State,Stream,UG_fee,PG_fee,Rating,Academic,Accommodation,Faculty,Infrastructure,Placement,Social_Life
"Loyola College, Chennai",Tamil Nadu,Commerce,654,670,8.6,8.7,8.2,8.3,8.9,8.4,8.8
Madras Christian College,Tamil Nadu,Commerce,654,670,8.6,8.5,7.9,8.6,8.7,8.4,9.2
"Stella Maris College, Chennai",Tamil Nadu,Commerce,654,670,8.2,8.8,7.5,8.6,8.4,7.6,8.5
"Ethiraj College For Women, Chennai",Tamil Nadu,Commerce,654,670,8.1,8.5,7.3,8.2,7.9,7.9,8.6
Women'S Christian College,Tamil Nadu,Commerce,654,670,8.7,9,7.9,8.8,9.1,8.5,8.9
"M.O.P. Vaishnav College For Women, Chennai",Tamil Nadu,Commerce,654,670,8.5,8.7,8.1,8.7,8.4,8.3,9
"Sri Krishna Arts And Science College, Coimbatore",Tamil Nadu,Commerce,654,670,8.5,8.6,7.8,8.6,8.9,8.7,8.5
"Guru Nanak College, Chennai",Tamil Nadu,Commerce,654,670,7.9,8.2,7.1,8,8.4,7.3,8.5
"Sri Ramakrishna College Of Arts And Science,",Tamil Nadu,Commerce,654,670,8.2,8.2,7.3,8.7,7.7,8.2,8.8
Dr. Sns Rajalakshmi College Of Arts And,Tamil Nadu,Commerce,654,670,8,8.3,7,8,8.3,8.4,7.7
"Presidency College, Chennai",Tamil Nadu,Commerce,654,670,8.2,8.8,7.3,8.9,8.1,7.6,8.6
Vellore Institute Of Technology,Tamil Nadu,Commerce,654,670,8.3,8.3,8,7.8,8.9,8.5,8.5
"Psg College Of Arts And Science, Coimbatore",Tamil Nadu,Commerce,654,670,8.3,8.5,7.9,8.2,8.5,8.2,8.7
"Psgr Krishnammal College For Women, Coimbatore",Tamil Nadu,Commerce,654,670,8.8,9.1,8.3,8.6,8.9,8.7,9
"Scott Christian College, Nagercoil",Tamil Nadu,Commerce,654,670,8.4,8.3,8,8.7,8.8,7.9,8.4
"Government Arts College (Autonomous), Coimbatore",Tamil Nadu,Commerce,654,670,7.7,8.8,6.7,8.5,7.4,6.3,8.6
Srm Institute Of Technology,Tamil Nadu,Commerce,654,670,8,8,7.1,7.6,8.7,8.2,8.6
"Thiagarajar College, Madurai",Tamil Nadu,Commerce,654,670,7.5,7.9,7.1,8,7.1,7.2,7.9
"St. Joseph'S College, Tiruchirappalli",Tamil Nadu,Commerce,654,670,8.6,9.1,7.9,8.7,9.1,8,8.8
Annamalai University,Tamil Nadu,Commerce,654,670,7.4,8.1,6.7,8,7.9,6.5,7.2
"Queen Mary'S College, Chennai",Tamil Nadu,Commerce,654,592,7.6,7.9,6.9,8.3,6.8,7.6,8.2
Bishop Heber College,Tamil Nadu,Commerce,654,670,8.3,8.5,7.8,8.2,8.9,8.1,8.4
"Kongunadu Arts And Science College, Coimbatore",Tamil Nadu,Commerce,654,670,7.3,8,6.7,8.3,7.3,6.3,7
"Cms College Of Science And Commerce, Coimbatore",Tamil Nadu,Commerce,654,670,8.2,8.3,7.4,8.1,8.5,8,8.7
Jamal Mohamed College,Tamil Nadu,Commerce,654,670,8.5,8.8,8.1,8.5,8.6,8.4,8.6
Sri Ramakrishna Mission Vidyalaya College Of Arts,Tamil Nadu,Commerce,654,670,8.6,8.8,7.7,8.9,9,8.1,8.9
"Sastra University, Thanjavur",Tamil Nadu,Commerce,654,670,8.1,8.5,7,8.2,8.3,8.7,8.1
Virudhunagar Hindu Nadar'S Senthikumara Nadar College,Tamil Nadu,Commerce,654,670,8.5,9,8.3,8.4,8.8,7.9,8.6
"Sathyabama Institute Of Science And Technology, Chennai",Tamil Nadu,Commerce,654,670,7.8,7.9,8.4,7.6,7.7,8,7.2
Dr. N.G.P. Arts And Science College,Tamil Nadu,Commerce,654,670,7.6,7.8,7.1,7.5,8.4,7.7,7
"St. Xavier'S College, Mumbai",Maharashtra,Commerce,654,670,8.2,8.7,7.3,8.3,8.8,7.6,8.7
"Narsee Monjee College Of Commerce And Economics,",Maharashtra,Commerce,654,670,8.3,8.7,7.5,8.4,8.5,7.8,8.6
"Ra Podar College Of Commerce And Economics,",Maharashtra,Commerce,654,670,7.7,8.8,6.8,8.1,7.4,7.1,8.2
"Symbiosis College Of Arts And Commerce, Pune",Maharashtra,Commerce,654,670,8.3,8.8,7.5,8.6,7.7,8.2,8.9
"Hr College Of Commerce And Economics, Mumbai",Maharashtra,Commerce,654,670,7.9,8.6,7.2,8.3,6.4,8.5,8.6
K J Somaiya College Of Arts &,Maharashtra,Commerce,654,670,8.1,8.1,8.4,7.8,8.8,7,8.5
"Sydenham College Of Commerce & Economics, Mumbai",Maharashtra,Commerce,654,670,7.8,8.2,7.2,8.1,7.2,7.7,8.4
Kpb Hinduja College Of Commerce,Maharashtra,Commerce,654,670,7.3,7.7,6.6,8.3,6.8,6.2,8.2
"Mithibai College Of Arts, Mumbai",Maharashtra,Commerce,654,670,8.5,8.5,8.3,8.4,8.9,7.6,9
Brihan Maharashtra College Of Commerce,Maharashtra,Commerce,654,670,8.3,8.8,7.2,8.6,8.6,7.6,8.9
Kishinchand Chellaram College,Maharashtra,Commerce,654,670,8.3,8.6,7.9,8.5,8.4,7.4,8.7
"Mulund College Of Commerce, Mumbai",Maharashtra,Commerce,654,670,7.7,8.4,6.9,8.6,7.1,7.2,7.9
B.K Birla College Of Arts Science &,Maharashtra,Commerce,654,670,7.6,8,6.5,8.1,8.1,6.6,8
Kelkar Education Trust'S V.G. Vaze College Of,Maharashtra,Commerce,654,670,8.4,8.9,7.8,8.7,8.7,7.7,8.7
"St. Mira'S College For Girls, Pune",Maharashtra,Commerce,654,670,6.9,7.2,6.1,8.3,6.8,5.6,7.2
Iit Bombay,Maharashtra,Commerce,654,670,8.9,9.3,7.9,8.7,8.9,9.1,9.2
D.G. Ruparel College Of Arts Science And,Maharashtra,Commerce,654,670,7.9,8.3,7.5,8.1,8.6,6.8,8.2
"Ramnarain Ruia Autonomous College, Mumbai",Maharashtra,Commerce,654,670,7.9,8.4,7,8,8.4,6.6,8.9
Savitribai Phule Pune University,Maharashtra,Commerce,654,670,7.6,8.1,7.1,7.9,7.9,6.8,7.5
Jai Hind College,Maharashtra,Commerce,654,670,8.5,8.5,8.3,8.5,8.4,7.8,9.2
"Sophia College For Women, Mumbai",Maharashtra,Commerce,654,670,8.6,9.1,8.4,9.1,9.5,6.6,9
Narsee Monjee Institute Of Management Studies,Maharashtra,Commerce,654,670,8.1,8.4,7.6,8.5,8.1,7.9,8.2
St Andrew'S College Of Arts Science And,Maharashtra,Commerce,654,670,8.2,8.4,7.2,8.3,8.6,7.6,8.8
Modern College Of Arts Science And Commerce,Maharashtra,Commerce,654,670,7.5,8,6.6,8.3,7.3,6.9,7.6
Mumbai University,Maharashtra,Commerce,654,670,7.2,7.6,6.5,7.9,7.4,6.6,7
"Bharati Vidyapeeth New Law College -[Nlc], Pune",Maharashtra,Commerce,654,670,7.1,7.9,6.1,8,6.4,6.5,7.4
Prin. L. N. Welingkar Institute Of Management,Maharashtra,Commerce,654,670,8,8.4,7.4,8.4,8.2,7.8,7.9
National Institute Of Management,Maharashtra,Commerce,654,670,10,8.2,7.4,8.2,8,7.5,8.1
"Wilson College, Mumbai",Maharashtra,Commerce,654,670,7.4,7.7,6.7,7.9,7.7,6.1,8.3
"Elphinstone College, Mumbai",Maharashtra,Commerce,654,670,7.5,8.1,6.8,7.9,7.9,6.5,8
Banaras Hindu University,Uttar Pradesh,Commerce,654,670,8.3,8.7,8.1,8.4,8.8,7.2,8.6
Aligarh Muslim University,Uttar Pradesh,Commerce,654,670,8.3,8.8,7.9,8.5,8.8,7.2,8.6
"Amity University, Noida",Uttar Pradesh,Commerce,654,670,8.2,8,7.9,8.1,8.9,7.6,8.7
"Amity University, Lucknow",Uttar Pradesh,Commerce,654,670,8.1,8,7.6,8.1,8.8,7.1,8.8
"Lloyd Law College, Greater Noida",Uttar Pradesh,Commerce,654,670,7.5,8.5,7.2,7.8,7.8,7.1,6.8
Chaudhary Charan Singh University,Uttar Pradesh,Commerce,654,670,6.4,6.6,6.1,7.3,6.6,4.9,6.6
"National Post Graduate College, Lucknow",Uttar Pradesh,Commerce,654,670,7.6,8.6,7.4,8.5,7.6,6.8,6.7
Sam Higginbottom University Of Agriculture Technology And,Uttar Pradesh,Commerce,654,670,7.2,7.6,6.6,7.5,7.5,6,7.9
"Iimt College Of Management, Greater Noida",Uttar Pradesh,Commerce,654,670,8.4,8.7,8.1,9,8.3,7.7,8.4
"Inmantec Institutions, Ghaziabad",Uttar Pradesh,Commerce,654,670,8.6,9.1,7.9,9.2,8.6,8.2,8.7
Ewing Christian College,Uttar Pradesh,Commerce,654,670,7,8.2,5.7,7.9,7.5,5.1,7.8
Teerthanker Mahaveer University,Uttar Pradesh,Commerce,654,670,8.1,8.3,7.6,8.2,8.7,7.3,8.3
"Presidency College Of Education And Technology, Meerut",Uttar Pradesh,Commerce,654,670,7.9,8.2,7.4,8.2,8,7.5,8.1
"Mewar Institute Of Management, Ghaziabad",Uttar Pradesh,Commerce,654,670,7.9,8.3,6.6,8.7,7.9,8.3,7.7
Rajiv Academy For Technology And Management,Uttar Pradesh,Commerce,654,670,8.6,9.4,8.1,9,8.1,8.5,8.5
Mangalayatan University,Uttar Pradesh,Commerce,654,670,7.9,7.8,7.8,8.2,8.4,7.1,8.1
Modern College Of Professional Studies,Uttar Pradesh,Commerce,654,670,7.8,8.3,7.5,7.6,7.3,7.8,8
Shri Ram Murti Smarak International Business School,Uttar Pradesh,Commerce,654,670,9.5,9.5,9.6,9.4,9.6,9.4,9.2
"Mangalayatan University, Institute Of Business Management",Uttar Pradesh,Commerce,654,670,8.1,9,7.7,8.3,8.3,7.8,7.7
Dav College,Uttar Pradesh,Commerce,654,670,6.7,7.5,5.6,7.3,7,5.8,7.1
"Shobhit University, School Of Business Studies, Meerut",Uttar Pradesh,Commerce,654,670,9.2,9.3,9,9.3,9.3,9.3,8.1
Teerthanker Mahaveer Institute Of Management And Technology,Uttar Pradesh,Commerce,654,670,8,8.1,7.8,8,8.3,7.5,8.3
Isabella Thoburn Degree College,Uttar Pradesh,Commerce,654,670,7.7,8.5,7.2,8.4,7.8,5.9,8.2
Institute Of Business Management,Uttar Pradesh,Commerce,654,670,8.5,8.7,8.4,8.6,8.7,8.3,8.2
"Sharda University, School Of Business Studies",Uttar Pradesh,Commerce,654,670,8.8,8.4,8,9.5,8.6,8.2,9.8
"Udai Pratap College, Varanasi",Uttar Pradesh,Commerce,654,670,7.4,8.1,6.6,8.8,7.3,6.6,7
"Central Women'S College Of Education-[Cwce], Lucknow",Uttar Pradesh,Commerce,654,670,7.9,8.2,7.4,8.2,8,7.5,8.1
"R.B.D. Mahila Mahavidyalaya, Bijnor",Uttar Pradesh,Commerce,654,670,7.9,8.2,7.4,8.2,8,7.5,8.1
"Mahila Vidyalaya Pg College, Lucknow",Uttar Pradesh,Commerce,654,670,6.7,8.2,7.4,8,8,3,9
Chhatrapati Shahu Ji Maharaj University,Uttar Pradesh,Commerce,654,670,7.1,7.2,6.6,7.5,8,5.8,7.7
Shri Ram College Of Commerce,Delhi Ncr,Commerce,654,670,8.8,9.1,7.7,9.1,8.9,8.9,9.1
Lady Shri Ram College For Women,Delhi Ncr,Commerce,654,670,8.5,8.8,7.9,8.6,8.6,8,8.9
"Hindu College, New Delhi",Delhi Ncr,Commerce,654,670,8.4,8.8,7.9,8.7,8.5,7.6,9
Hansraj College,Delhi Ncr,Commerce,654,670,8.4,8.7,7.9,8.7,8.5,7.8,8.9
"Sri Venkateswara College, New Delhi",Delhi Ncr,Commerce,654,670,8.3,8.7,7.8,8.5,8.2,7.9,8.8
"Gargi College, New Delhi",Delhi Ncr,Commerce,654,670,8.2,8.5,7.2,8.6,8,7.8,9
Kirori Mal College,Delhi Ncr,Commerce,654,670,8.2,8.7,7.6,8.6,7.9,7.3,8.9
Indraprastha College For Women,Delhi Ncr,Commerce,654,670,8,8.8,7.6,8.2,8.8,7.1,7.5
Jesus And Mary College,Delhi Ncr,Commerce,654,670,7.9,8.6,6.9,8.1,8.5,7.1,8.4
"Miranda House, New Delhi",Delhi Ncr,Commerce,654,670,8.6,9.1,8.5,8.5,9.3,7.1,8.9
Atma Ram Sanatan Dharma College,Delhi Ncr,Commerce,654,670,7.8,8.4,6.7,8.4,8,6.8,8.7
"Deen Dayal Upadhyaya College, New Delhi",Delhi Ncr,Commerce,654,670,7.9,8.4,7.4,8.3,8.4,6.5,8.2
"Jamia Millia Islamia University-[Jmi], New Delhi",Delhi Ncr,Commerce,654,670,8,8.4,7.6,8.3,8.4,7.2,8.2
"Kasturi Ram College Of Higher Education, New",Delhi Ncr,Commerce,654,670,7.1,7.6,5.6,8.3,6.9,6.4,7.5
Sri Guru Tegh Bahadur Khalsa College,Delhi Ncr,Commerce,654,670,7.8,8.2,7.2,8.2,8.1,6.8,8.3
"Jamia Hamdard University, New Delhi",Delhi Ncr,Commerce,654,670,7.5,8.1,7.3,7.8,8.1,6.5,7.4
Acharya Narendra Dev College,Delhi Ncr,Commerce,654,670,7.8,8.9,6.5,8.7,7.3,7.1,8.1
Guru Gobind Singh Indraprastha University,Delhi Ncr,Commerce,654,670,7.8,8.1,7.5,8,8.1,6.9,8.1
Delhi University,Delhi Ncr,Commerce,654,670,7.9,8.4,7.4,8.4,7.9,7.2,8.3
Daulat Ram College,Delhi Ncr,Commerce,654,670,7.9,8.4,7.4,8.5,7.5,7.2,8.4
"Maitreyi College, New Delhi",Delhi Ncr,Commerce,654,670,7.8,8.3,6.8,8.3,8,6.8,8.3
"Ramjas College, New Delhi",Delhi Ncr,Commerce,654,670,7.9,8.4,7.1,8.4,7.9,7,8.5
Shyam Lal College,Delhi Ncr,Commerce,654,670,7.3,8.1,6.2,8,7.5,6.1,7.9
Maharshi Dayanand University,Delhi Ncr,Commerce,654,670,7.8,8,7.7,8,8.4,6.6,8
Delhi College Of Arts And Commerce,Delhi Ncr,Commerce,654,670,7.9,8.3,7.3,8.2,7.1,7.9,8.8
"Shivaji College, New Delhi",Delhi Ncr,Commerce,654,670,7.8,8.2,6.8,8.3,8.1,6.8,8.3
Maharaja Agrasen College,Delhi Ncr,Commerce,654,670,7.7,8.2,6.7,8.1,8.7,6.5,7.9
"Amity University, Noida",Delhi Ncr,Commerce,654,670,8.2,8,7.9,8.1,8.9,7.6,8.7
"Department Of Commerce, University Of Delhi, New",Delhi Ncr,Commerce,654,670,8.4,8.3,8.5,8.9,8.2,8.3,8
"Lloyd Law College, Greater Noida",Delhi Ncr,Commerce,654,670,7.5,8.5,7.2,7.8,7.8,7.1,6.8
Andhra Loyola College,Andhra Pradesh,Commerce,654,670,8,8.5,7.4,8.5,8.6,7,8.2
K L University,Andhra Pradesh,Commerce,654,670,8.3,8.5,7.6,8.3,8.8,8.3,8.2
Sri Venkateswara University,Andhra Pradesh,Commerce,654,670,8.1,7.9,8.3,8.2,7.9,7.7,8.4
Gitam Institute Of Management,Andhra Pradesh,Commerce,654,670,8.5,8.6,7.3,8.8,9.2,8.4,8.7
Acharya Nagarjuna University,Andhra Pradesh,Commerce,654,670,7.3,7.7,7,7.2,8,5.7,8.2
"Silver Jubilee Government Degree College, Kurnool",Andhra Pradesh,Commerce,654,670,7.7,8.3,6.1,9,7.7,7.1,7.9
"Tsr And Tbk Degree And Pg College,",Andhra Pradesh,Commerce,654,670,7.7,8.3,6,8.8,8,6.8,8.5
"Dr. Lankapalli Bullayya College, Visakhapatnam",Andhra Pradesh,Commerce,654,670,8.2,8.7,7.5,8.6,9,6.8,8.3
Pvkn Govt Degree College,Andhra Pradesh,Commerce,654,670,8.9,9.7,7.7,9,8.7,8.3,9.7
Centurion University Of Technology And Management,Andhra Pradesh,Commerce,654,670,7.8,8,7.2,8.3,7.6,7.4,8.3
Vit University,Andhra Pradesh,Commerce,654,670,8.2,8.3,7.9,8.3,8.1,8.4,8.1
"Srm University, Amaravathi",Andhra Pradesh,Commerce,654,670,8.7,8.7,8.1,9.2,9.2,8.4,8.4
"Andhra University, College Of Science & Technology,",Andhra Pradesh,Commerce,654,670,8,8.6,6.4,8.8,8.3,7.1,8.7
Siddartha Educational Academy Group Of Institutions,Andhra Pradesh,Commerce,654,670,6.2,6.3,4.6,6.9,7.6,5.3,6.4
Vit-Ap School Of Business,Andhra Pradesh,Commerce,654,670,8.1,8.8,8.3,8.3,7.8,7.8,7.8
Emeralds Degree And Pg College,Andhra Pradesh,Commerce,654,670,8.6,9.3,8.3,8.6,9.5,7,8.6
"Agl Degree And Pg College, Visakhapatnam",Andhra Pradesh,Commerce,654,670,7.4,7.5,6,9,8,6,8
"Adoni Arts And Science College, Adoni",Andhra Pradesh,Commerce,654,670,8.2,8.5,7.3,8.5,8.3,7.8,8.7
A.G & S.G Siddhartha Degree College Of,Andhra Pradesh,Commerce,654,670,8.5,8.9,7.6,8.9,8.4,8.4,8.8
Akkineni Nageswara Rao College,Andhra Pradesh,Commerce,654,670,8.6,9,9,8.3,8,7.5,8.1
"Andhra Muslim College Of Arts And Science,",Andhra Pradesh,Commerce,654,670,7.9,8.2,7.4,8.2,8,7.5,8.1
"Annabattuni Satyanarayana Degree College, Guntur",Andhra Pradesh,Commerce,654,670,6.9,7.7,6,8,6.3,8.3,5
"Besant Theosophical College, Madanapalle",Andhra Pradesh,Commerce,654,670,8.3,8.5,8.5,8.5,8,8,8.5
Ch S D St Theresa'S Atonomous College,Andhra Pradesh,Commerce,654,670,7.9,8.2,7.4,8.2,8,7.5,8.1
Dantuluri Narayana Raju College,Andhra Pradesh,Commerce,654,670,8.5,8.5,8.3,8.7,9.2,6.7,9.3
Duvvuru Ramanamma Womenâ€™S College,Andhra Pradesh,Commerce,654,670,7.9,8.2,7.4,8.2,8,7.5,8.1
Dharma Apparao College,Andhra Pradesh,Commerce,654,670,7.9,8.2,7.4,8.2,8,7.5,8.1
"Dodla Kousalyamma Government College For Women, Nellore",Andhra Pradesh,Commerce,654,670,7.9,8.2,7.4,8.2,8,7.5,8.1
Government Degree College (Men),Andhra Pradesh,Commerce,654,670,7.8,8.5,5.5,8.2,8,7.5,8.1
"Christ University, Bangalore",Karnataka,Commerce,654,670,8.3,8.5,7.4,8.2,8.9,8.1,8.8
St. Joseph'S College Of Commerce,Karnataka,Commerce,654,670,8.3,8.8,7,8.5,7.8,8.5,8.9
Mount Carmel College,Karnataka,Commerce,654,670,8.3,8.3,7.8,8.2,8.3,7.9,9.1
Kristu Jayanti College,Karnataka,Commerce,654,670,8.4,8.9,7.7,8.4,8.9,8.1,8.5
"Nmkrv College For Women, Bangalore",Karnataka,Commerce,654,670,7.9,7.9,7.3,8.4,8.1,6.9,8.7
Manipal Academy Of Higher Education,Karnataka,Commerce,654,670,8.4,8.5,8.2,8.6,8.8,7.8,8.4
St Joseph'S College,Karnataka,Commerce,654,670,8.1,8.4,7.3,8.4,8.3,7.6,8.6
"St. Aloysius College, Mangalore",Karnataka,Commerce,654,670,7.9,8.4,7.1,8.1,8.3,7.1,8.6
T. A. Pai Management Institute,Karnataka,Commerce,654,670,8.5,8.5,8.4,8.8,8.6,8.7,7.8
"Alliance University, Bangalore",Karnataka,Commerce,654,670,8,8.2,7.2,8.2,8.8,7.6,8
Jyoti Nivas College,Karnataka,Commerce,654,670,7.8,8.2,7.4,8.3,7.7,7,8.4
"The National Degree College, Bangalore",Karnataka,Commerce,654,670,7.3,8.3,6.3,8.5,7.2,6.9,6.8
"Mes College Of Arts, Commerce & Science,",Karnataka,Commerce,654,670,7.3,8,6.2,8,6.5,6.6,8.2
"Seshadripuram College, Bangalore",Karnataka,Commerce,654,670,8.1,8.5,7.3,8.4,7.9,8,8.5
St George College Of Management Science And,Karnataka,Commerce,654,670,6.4,7.5,5.5,8,6,5,6.3
Administrative Management College,Karnataka,Commerce,654,670,5.5,5.6,4.9,5.3,6.9,4.4,5.7
"Sri Bhagawan Mahaveer Jain College (Evening), V",Karnataka,Commerce,654,670,7.4,7.6,6.5,7.8,7.1,7.2,8.2
"Ramaiah College Of Arts, Science And Commerce",Karnataka,Commerce,654,670,7.9,8.1,7.9,8,8.3,7,8.3
Sdm Institute For Management Development,Karnataka,Commerce,654,670,8.6,8.6,8.9,8.4,9.3,7.6,8.6
"Aims Institutes, Bangalore",Karnataka,Commerce,654,670,7.3,7.8,6.6,8.1,6.5,7.2,7.3
International School Of Business And Research,Karnataka,Commerce,654,670,7.7,7.9,7.3,8,7.5,7.5,8.2
Pes University,Karnataka,Commerce,654,670,8,8.5,7.7,8.1,8.1,8.1,7.6
"The Oxford College Of Business Management, Bangalore",Karnataka,Commerce,654,670,6.6,7,6.2,7.8,7,5.8,5.9
Indian Academy Group Of Institutions,Karnataka,Commerce,654,670,7.9,8.6,7.6,8.5,7.5,7.8,7.6
T John College,Karnataka,Commerce,654,670,8,8.1,7.8,8.1,8.5,7.6,7.8
"Presidency College, Bangalore",Karnataka,Commerce,654,670,7.8,8.4,6.8,8.5,7.7,7.5,7.7
"Blde Association'S As Patil College Of Commerce,",Karnataka,Commerce,654,670,7.6,7.5,5.5,9,8,7,8.7
T John Institute Of Management And Science,Karnataka,Commerce,654,670,8.1,8.5,7.5,8.5,8,7.8,8.3
"Surana College, Bangalore",Karnataka,Commerce,654,670,7.8,8.2,6.7,8.3,7.8,7.3,8.2
Acharya Bangalore B-School,Karnataka,Commerce,654,670,7.8,8.1,6.9,8.2,8.4,7.6,7.6
"Loyola Academy Degree And Pg College, Secunderabad",Telangana,Commerce,654,670,8.1,8.5,7.2,8.4,8.5,7.7,8.4
"St Ann'S College For Women, Hyderabad",Telangana,Commerce,654,670,8.1,8.6,6.9,8.7,8.5,7.7,8.4
Osmania University College For Women,Telangana,Commerce,654,670,8.2,8,8.4,8.7,8.5,6.5,9
Badruka College Of Commerce And Arts,Telangana,Commerce,654,670,8.7,8.9,8.3,8.8,8.6,8.7,8.8
"St Joseph'S Degree And Pg College, Hyderabad",Telangana,Commerce,654,670,7.8,8.2,6.4,8.4,7.5,8,8.1
Indian Institute Of Management And Commerce,Telangana,Commerce,654,670,7.7,8.3,5.3,8.6,7.5,8.1,8.3
University Of Hyderabad,Telangana,Commerce,654,670,8.4,8.7,7.6,8.5,9,7.5,8.8
Icfai Foundation For Higher Education,Telangana,Commerce,654,670,8.2,8.3,7.5,8.1,8.6,7.8,8.9
Icfai Business School,Telangana,Commerce,654,670,8.2,8.2,8,8.1,8.5,7.8,8.7
"Icfai Law School, Hyderabad",Telangana,Commerce,654,670,8.4,8.5,8,8.7,8.5,8.1,8.4
Kasturba Gandhi Degree And Pg College For,Telangana,Commerce,654,670,8,8.1,7,8.3,8.6,7.1,8.8
Narsee Monjee Institute Of Management Studies,Telangana,Commerce,654,670,8.8,8.9,8.4,9.2,8.9,8.5,8.9
"Nizam College, Hyderabad",Telangana,Commerce,654,670,8.2,8.3,7.5,8.6,8.3,7.6,8.7
A.V. College Of Arts Science And Commerce,Telangana,Commerce,654,670,8,8.1,6.3,8.1,8.7,7.8,8.9
Woxsen School Of Business,Telangana,Commerce,654,670,8.3,8.1,8.1,8.6,8.4,8.2,8.3
Osmania University,Telangana,Commerce,654,670,7.9,8.3,7.5,8,8,7.7,7.9
Kakatiya University,Telangana,Commerce,654,670,7.2,7.4,6.8,7.6,7.2,6.8,7.4
"St Francis College For Women, Hyderabad",Telangana,Commerce,654,670,8.5,8.9,7.2,8.5,8.9,8.6,9
Dr. B.R. Ambedkar Open University,Telangana,Commerce,654,670,6.7,7.3,5.6,7.8,7.2,5.5,6.8
K L University,Telangana,Commerce,654,670,7.9,7.9,7.4,8.1,8.2,7.6,8.1
Maulana Azad National Urdu University,Telangana,Commerce,654,670,7.8,7,8.3,8.1,8.6,7.1,7.9
Sarojini Naidu Vanita Mahavidyalaya,Telangana,Commerce,654,670,9.4,9.8,9.8,8.5,9.5,9,9.5
Raja Bahadur Venkat Rama Reddy Women'S College,Telangana,Commerce,654,670,8.2,7.8,7.6,8.6,8.3,7.9,8.7
Birla Institute Of Technology And Science,Telangana,Commerce,654,670,9,9,8.4,8.8,9.4,9.1,9.4
Hyderabad School Of Business,Telangana,Commerce,654,670,7.7,8,7.3,8.3,7.7,7.4,7.5
"Avanthi Degree & P.G. College, Hyderabad",Telangana,Commerce,654,670,7.7,8,6.2,8.6,7.3,7.8,8.2
London Management Academy,Telangana,Commerce,654,670,7.4,7.1,6.9,7.5,7.3,7.9,7.6
Indian School Of Business Management And Administration,Telangana,Commerce,654,670,6.9,7.1,6.8,6.8,7.1,6.8,6.7
"Sr University, Warangal",Telangana,Commerce,654,670,7.8,8.1,7.2,8.3,7.9,7.7,7.8
Rabindranath Tagore University,Madhya Pradesh,Commerce,654,670,7.7,8,7.4,7.8,8.6,6.4,7.8
"Rajeev Gandhi College, Bhopal",Madhya Pradesh,Commerce,654,670,6.7,7,5.9,7.3,7.1,5.6,7.2
Prestige Institute Of Management,Madhya Pradesh,Commerce,654,670,6.1,7,5,6,6,6.3,6.5
Islamia Karimia College,Madhya Pradesh,Commerce,654,670,5.9,6,5.5,8,5.5,4.5,6
People'S Institute Of Management & Research,Madhya Pradesh,Commerce,654,670,7.9,8.2,7.4,8.2,8,7.5,8.1
Ch Institute Of Management & Commerce,Madhya Pradesh,Commerce,654,670,7.2,8,7,7,8.3,6.3,6.7
Vidyasagar Institute Of Management,Madhya Pradesh,Commerce,654,670,7.9,8.2,7.4,8.2,8,7.5,8.1
Institute For Excellence In Higher Education,Madhya Pradesh,Commerce,654,670,7.2,7.9,6.5,7.9,7,6.7,7.4
"M.B. Khalsa College, Indore",Madhya Pradesh,Commerce,654,670,6.6,6.7,5.2,7.8,7.1,5.7,7
"Amity University, Gwalior",Madhya Pradesh,Commerce,654,670,8.6,8.8,8.5,8.4,9.3,8,8.3
"Davv Mateshwari Sugni Devi Girls College, Indore",Madhya Pradesh,Commerce,654,670,7.9,8.2,7.4,8.2,8,7.5,8.1
Government M L B Girls Pg College,Madhya Pradesh,Commerce,654,670,6.9,7.1,6.5,7.4,6.5,5.8,7.8
"Sdps Women'S College, Indore",Madhya Pradesh,Commerce,654,670,7.2,7,8.8,6.8,7.4,6.2,7
"Devi Ahilya Vishwavidyalaya, Indore",Madhya Pradesh,Commerce,654,670,7.5,8,6.5,7.8,7.5,7,7.9
"Government Maharani Laxmi Bai Girls Pg College,",Madhya Pradesh,Commerce,654,670,7.9,8.2,7.4,8.2,8,7.5,8.1
"Altius Institute Of Universal Studies, Indore",Madhya Pradesh,Commerce,654,670,9,9,8,8.2,8,7.5,8.1
Barkatullah University,Madhya Pradesh,Commerce,654,670,6.9,7.3,6.1,7.4,6.9,6,7.5
Indira Gandhi National Tribal University,Madhya Pradesh,Commerce,654,670,7.5,7.5,7.3,8.4,7.9,5.9,7.9
Atal Bihari Vajpayee Hindi Vishwavidyalaya,Madhya Pradesh,Commerce,654,670,7.7,8.3,6.3,8.7,7.3,7.8,7.9
Awadhesh Pratap Singh University,Madhya Pradesh,Commerce,654,670,7.1,7.9,6.5,8.1,7.2,5.3,7.3
"Career College, Bhopal",Madhya Pradesh,Commerce,654,670,8.3,8.4,7.6,8.7,8.3,8.4,8.3
Madhya Pradesh Bhoj (Open) University,Madhya Pradesh,Commerce,654,670,7.8,8.6,7.4,8.7,7.5,7.6,7.2
Bonnie Foi College,Madhya Pradesh,Commerce,654,670,7.9,8.2,7.4,8.2,8,7.5,8.1
"Vit Bhopal University, Bhopal",Madhya Pradesh,Commerce,654,670,7.9,8.6,7.7,8.4,7.1,8.1,7.4
Jagran Lakecity University,Madhya Pradesh,Commerce,654,670,8,8,7.9,7.8,8.6,7.4,8.1
Narsee Monjee Institute Of Management Studies -[Nmims,Madhya Pradesh,Commerce,654,670,8.7,8.4,8.9,9.7,9.2,6.2,9.6
"Rkdf University, Bhopal",Madhya Pradesh,Commerce,654,670,7.6,8,7,7.8,8,6.5,8.2
Institute Of Professional Education And Research,Madhya Pradesh,Commerce,654,670,8.5,9,7.5,9,8.2,8,9.2
Sacred Heart College,Kerala,Commerce,654,670,8.5,8.9,7.5,8.6,8.8,8,9.1
"Mar Ivanios College, Thiruvananthapuram",Kerala,Commerce,654,670,8.3,8.7,8.1,8.7,8.8,6.6,9
Rajagiri College Of Social Sciences,Kerala,Commerce,654,670,8.5,8.8,8.5,8.8,8.5,8,8.1
Mahatma Gandhi University,Kerala,Commerce,654,670,7.7,8,7.5,8,8,6.2,8.2
"St Thomas' College, Thrissur",Kerala,Commerce,654,670,7.4,8,7,8.1,7,6.6,7.9
"St. Albert'S College, Ernakulam",Kerala,Commerce,654,670,7.1,7.9,6.4,7.7,7,6.5,6.9
Calicut University,Kerala,Commerce,654,670,7,7.5,6.2,7.5,7.4,5.4,7.9
St. Berchmans College,Kerala,Commerce,654,670,8.4,8.6,8.2,8.6,8.6,7.7,8.5
"St Teresa'S College (Autonomous), Ernakulam",Kerala,Commerce,654,670,8.4,8.9,7.4,9,8.2,7.7,9.3
"Mahatma Gandhi College, Trivandrum",Kerala,Commerce,654,670,8.1,8.7,7.5,8.6,8.8,5.9,8.9
"Farook College, Kozhikode",Kerala,Commerce,654,670,8.1,8.7,8.1,8.5,8.5,5.8,9
"Newman College, Thodupuzha",Kerala,Commerce,654,670,7.2,8.4,5.1,7.8,8,6.6,7
T.K.M. College Of Arts And Science,Kerala,Commerce,654,670,8,8.1,7.5,8.1,8.3,7.5,8.6
"St Joseph'S College Devagiri, Calicut",Kerala,Commerce,654,670,8.4,8.8,7.7,8.7,8.7,7.4,9
"Oriental School Of Hotel Management Lakkidi, Wayanad",Kerala,Commerce,654,670,7.5,8.3,7,7.6,7.1,8.1,6.7
"Christ College Irinjalakuda, Thrissur",Kerala,Commerce,654,670,8,8.3,7.7,8.2,8.4,7.2,8.3
"Bishop Vayalil Memorial Holy Cross College, Kottayam",Kerala,Commerce,654,670,7.6,8.3,6.6,9,7.7,7.3,6.7
"St. Mary'S College Sulthan Bathery, Sulthan Batheri",Kerala,Commerce,654,670,6.8,7.8,6.9,6.8,7.5,3.8,7.8
"Government College, Kasaragod",Kerala,Commerce,654,670,8.2,8.3,7.4,9.1,8.7,6.6,9
"Mar Thoma College, Tiruvalla",Kerala,Commerce,654,670,7.2,7.6,6.7,8.3,7.4,5.2,7.7
Scms School Of Technology And Management,Kerala,Commerce,654,670,7.8,7.9,7.7,8.4,7.5,8.3,7.2
"Nirmalagiri College, Kannur",Kerala,Commerce,654,670,8,9.3,7.3,8.1,9,6.7,7.8
Dc School Of Management And Technology,Kerala,Commerce,654,670,7.7,7.4,7.1,7.9,8,7.2,8.5
"Mes College Marampally, Aluva",Kerala,Commerce,654,670,8.8,8.9,8.4,9.1,9.3,8,9
"Government Victoria College, Palakkad",Kerala,Commerce,654,670,8,8.5,7.4,8.8,7.5,6.3,9.3
Amrita School Of Arts And Sciences,Kerala,Commerce,654,670,7.4,8.5,6.2,8.5,7.2,8,6.1
Jai Bharath Arts And Science College,Kerala,Commerce,654,670,6.4,6.6,6.6,6.7,6.2,6,6.5
"Gems Arts And Science College, Malappuram",Kerala,Commerce,654,670,7.8,8.2,6.5,8.3,8.3,6.2,9.1
Cochin University Of Science And Technology,Kerala,Commerce,654,670,7.9,8.4,7.5,7.8,7.8,7.7,8.1
"Av Abdurahiman Haji Arts & Science College,",Kerala,Commerce,654,670,5.4,6.8,3.8,6,6.8,2.8,6
Birla Institute Of Technology And Science,Rajasthan,Commerce,654,670,8.9,8.8,8.2,8.8,9,9,9.3
"Banasthali Vidyapith, Jaipur",Rajasthan,Commerce,654,670,8.5,8.8,8.2,8.9,8.6,7.9,8.8
Madhav University,Rajasthan,Commerce,654,670,7.8,7.9,7.5,8.2,7.9,7.3,7.8
"St Xaviers College, Jaipur",Rajasthan,Commerce,654,670,7.6,8.2,7.1,8.3,7.8,6,8.4
Janardan Rai Nagar Rajasthan Vidyapeeth University,Rajasthan,Commerce,654,670,7.8,8.3,7.5,8.3,7.9,7.3,7.5
"Amity University, Jaipur",Rajasthan,Commerce,654,670,8,7.8,7.6,7.8,8.9,7.4,8.7
"Poddar Group Of Institutions, Jaipur",Rajasthan,Commerce,654,670,7.7,8.3,7.1,8.6,7.4,6.9,8
"Lucky Institute Of Professional Studies, Jodhpur",Rajasthan,Commerce,654,670,7.7,7.8,8,8.3,7.7,6,8.2
Jai Narain Vyas University,Rajasthan,Commerce,480,420,6.2,6.9,5.2,7.1,6.4,4.9,6.4
Mahatma Jyoti Rao Phoole University,Rajasthan,Commerce,654,670,6.8,6.9,6.2,7.4,7.7,6.4,6.4
"Lachoo Memorial College Science And Technology, Jodhpur",Rajasthan,Commerce,654,670,6.5,7.4,5.5,6.8,7.1,4.7,7.3
Career Point University,Rajasthan,Commerce,654,670,8.3,8.4,7.9,8.4,8.4,7.6,8.9
"Spc Education Center, Jaipur",Rajasthan,Commerce,654,670,10,8.2,7.4,8.2,8,7.5,8.1
"St Wilfreds College For Girls, Jaipur",Rajasthan,Commerce,654,670,7.5,8.4,6.5,8.3,7.4,6.7,7.5
Mewar University,Rajasthan,Commerce,654,670,8,7.9,7.1,8.1,8.8,7.3,8.6
"Jaipur National University, School Of Business &",Rajasthan,Commerce,654,670,8.1,8.4,8,9,7.4,7.6,8.3
"Alankar P.G. Girls College, Jaipur",Rajasthan,Commerce,654,670,9,9,9,9,9,9,9
University Of Rajasthan,Rajasthan,Commerce,654,670,7.6,8.1,7.1,8.1,7.9,6.5,7.8
"Singhania University, Jhunjhunu",Rajasthan,Commerce,654,670,7.1,7.1,6.7,7.1,7.1,7,7.3
"Kanoria Pg Mahila Mahavidyalaya, Jaipur",Rajasthan,Commerce,654,670,7.7,8,7.9,7.8,8.3,5.8,8.2
Jaipur National University,Rajasthan,Commerce,654,670,7.5,7.9,7,7.7,7.8,6.7,7.6
Manipal University,Rajasthan,Commerce,654,670,8.4,8.2,8.3,8.2,9.2,7.7,9
"Tantia University, Sriganganagar",Rajasthan,Commerce,654,670,8.6,8.8,8.4,9.3,8.8,7.1,9.1
Jecrc University,Rajasthan,Commerce,654,670,8.1,8.1,7.4,8.2,8.2,8.1,8.7
Sunrise University,Rajasthan,Commerce,654,670,8.1,8.1,7.3,8.7,8.1,7.9,8.4
"Opjs University, Churu",Rajasthan,Commerce,654,670,7.2,7.1,7.6,7.6,7.7,6.3,6.8
Institute Of Advanced Studies In Education,Rajasthan,Commerce,654,670,8.2,8.9,8,8.3,8.4,7.5,7.9
Mehr Chand Mahajan Dayanand Anglo Vedic College,Haryana,Commerce,654,670,8.2,8.4,8,8.5,8.2,7.6,8.4
Panjab University,Haryana,Commerce,654,670,7.7,8.2,7.7,8,7.7,6.5,8.2
Maharshi Dayanand University,Haryana,Commerce,654,670,7.8,8,7.7,8,8.4,6.6,8
Chandigarh University,Haryana,Commerce,654,670,8.6,8.6,8.2,8.4,9,8.6,8.8
"University Business School, Panjab University",Haryana,Commerce,654,670,8.3,8.1,8.4,8.4,7.9,8.1,8.7
Apeejay Stya University,Haryana,Commerce,654,670,7.9,8.2,7.5,7.9,7.5,7.7,8.3
"University School Of Business, Chandigarh University",Haryana,Commerce,654,670,9.1,9.1,8.8,9.1,9.2,9.3,8.9
Kurukshetra University,Haryana,Commerce,654,670,7.5,8.1,7,8,7.7,6.5,7.7
"Arya Post Graduate College, Panipat",Haryana,Commerce,654,670,7.8,8.4,6.8,8.8,8,6.3,8.6
Guru Jambheshwar University Of Science And Technology,Haryana,Commerce,654,670,7.7,7.7,7.3,7.5,8.9,6.5,8
Dav College,Haryana,Commerce,654,670,8,8.4,7.4,8.3,8,6.8,8.8
"Srm University Delhi Ncr, Sonepat",Haryana,Commerce,654,670,7.8,8,7.5,7.9,8.1,7.6,7.9
Goswami Ganesh Dutt Sanatan Dharama College,Haryana,Commerce,654,670,8.1,8.6,7.6,8.5,8.1,7.1,8.8
"Post Graduate Government College, Chandigarh",Haryana,Commerce,654,670,7.7,8.4,7.2,8.4,7.5,6.5,7.9
"Gurugram University, Gurgaon",Haryana,Commerce,654,670,8.2,8.6,7.4,8.4,8.6,8,8.1
"Post Graduate Government College For Girls, Chandigarh",Haryana,Commerce,654,670,8.1,8.6,8.4,8.9,8.2,6.1,8.5
"Pdm University, Bahadurgarh, Bahadurgarh",Haryana,Commerce,654,670,7.4,7.1,7.6,7.4,7.5,7.1,7.7
Bml Munjal University,Haryana,Commerce,654,670,8.1,8,8,7.9,8.5,7.8,8.3
"Amity University, Gurgaon",Haryana,Commerce,654,670,7.7,7.8,7.1,7.6,8.6,7.1,8.1
O. P. Jindal Global University,Haryana,Commerce,654,670,8.3,8.4,8.2,8.3,8.8,7.5,8.7
Manav Rachna International Institute Of Research And,Haryana,Commerce,654,670,7.5,7.4,7.3,7.5,8.3,6.6,7.6
"Iilm University, Gurgaon",Haryana,Commerce,654,670,8.4,8.2,7.4,8.5,8.6,8.6,8.8
"Starex University, Gurgaon",Haryana,Commerce,654,670,8.8,9.1,9.1,8.7,8.6,8.5,8.7
Modern Vidya Niketan,Haryana,Commerce,654,670,7,7.2,6.4,7.7,7,6.8,6.8
National Institute Of Financial Management,Haryana,Commerce,654,670,8.8,9.3,9,8.7,8.1,8.1,9.4
"Kr Mangalam University, Gurgaon",Haryana,Commerce,654,670,7.7,8.1,7.5,7.3,8.6,7.2,7.4
"Niilm University, Kaithal",Haryana,Commerce,654,670,8.1,8.6,7.9,8.5,7.9,7.8,8.1
"Lingaya'S Vidyapeeth, Faridabad",Haryana,Commerce,654,670,7.8,8,7.5,8.1,7.7,7.3,8.1
Hl College Of Commerce,Gujarat,Commerce,654,670,8.4,9.1,7.1,9.3,8.8,7.1,9
"St Xavier'S College, Ahmedabad",Gujarat,Commerce,654,670,8.1,8.4,7.4,8.6,8.3,7.3,8.7
Maharaja Sayajirao University Of Baroda,Gujarat,Commerce,654,670,7.9,8.3,7,8.4,8,7.2,8.4
Bhavan'S Sheth Ra Shah College Of Arts,Gujarat,Commerce,654,670,6.8,8.2,4.5,8.1,7.5,5,7.3
"Institute Of Management, Nirma University, Ahmedabad",Gujarat,Commerce,654,670,8.6,8.3,8.5,8.8,9,8.3,8.7
"Umiya Arts And Commerce College For Girls,",Gujarat,Commerce,654,670,8.3,8.2,7.4,9,8,7,9
"Rh Patel Arts And Commerce College, Ahmedabad",Gujarat,Commerce,654,670,6.7,7.7,6.7,7.3,6,4.7,7.7
Dr Babasaheb Ambedkar Open University,Gujarat,Commerce,654,670,7.7,8.5,5.5,8.5,8,7.5,8.1
"Christ College, Rajkot",Gujarat,Commerce,654,670,8.2,8.6,7.4,9.2,9,6.6,8.2
"Lokmanya College Of Computer Applications, Ahmedabad",Gujarat,Commerce,654,670,6.3,9,7.4,5,8,7.5,8.1
"Ahmedabad University, Ahmedabad",Gujarat,Commerce,654,670,8.6,9,7.6,8.9,9.2,8,9
Sardar Patel University,Gujarat,Commerce,654,670,7.8,8.6,7,8.5,7.7,7.3,7.8
"Cu Shah Commerce College, Ahmedabad",Gujarat,Commerce,654,670,7.2,8.3,7.5,8.8,6.3,6,6.5
New Lj College Of Commerce,Gujarat,Commerce,654,670,8.5,9.5,6.6,9,8.9,7.6,9.2
Times Business School,Gujarat,Commerce,654,670,8.1,8,7,8.5,8,8,9
Nirma University,Gujarat,Commerce,654,670,8.4,8.6,8,8.4,9.1,8.1,8.2
"Gujarat Arts And Commerce College, Ahmedabad",Gujarat,Commerce,654,670,8,8.4,6.3,9.1,7.5,7.1,9.6
"Gls University, Ahmedabad",Gujarat,Commerce,654,670,7.9,8,6.9,8.5,8.1,7.6,8.5
Karnavati University,Gujarat,Commerce,654,670,8.9,8.6,8.2,9.3,9.4,8.6,9.3
Pandit Deendayal Petroleum University [Pdpu] / (Energy,Gujarat,Commerce,654,670,8.6,8.3,8.3,8.1,9.4,8.1,9.4
Indian School Of Business Management And Administration,Gujarat,Commerce,654,670,8,8.8,7.6,8.1,8,7.9,7.8
"Auro University, Surat",Gujarat,Commerce,654,670,8.3,8.2,8.5,8.6,8.7,7.2,8.6
"Atmiya University, Rajkot",Gujarat,Commerce,654,670,8.1,8.8,7.5,8.6,8.4,7.4,7.9
Ganpat University,Gujarat,Commerce,654,670,8.1,8.2,7.2,8.1,8.5,7.8,8.6
"Ahmedabad Management Association, Ahmedabad",Gujarat,Commerce,654,670,8.6,9.2,8.3,8.8,8.6,8.1,8.3
"B K School Of Business Management, Ahmedabad",Gujarat,Commerce,654,670,7.9,8.3,6.8,8.2,7.4,8.3,8.1
"C. U. Shah University, Wadhwan",Gujarat,Commerce,654,670,7.7,7.6,7,8.2,7.8,7.4,7.9
"P.P. Savani University, Surat",Gujarat,Commerce,654,670,9.3,9.4,8.9,9.5,9.6,8.7,9.4
Asia Pacific Institute Of Management,Gujarat,Commerce,654,670,6.8,7.7,6,7.3,6.3,6.3,7.3
"Indus University, Ahmedabad",Gujarat,Commerce,654,670,7.5,7.9,7,7.7,7.8,6.8,7.9
Mehr Chand Mahajan Dayanand Anglo Vedic College,Punjab,Commerce,654,670,8.2,8.4,8,8.5,8.2,7.6,8.4
Panjab University,Punjab,Commerce,654,670,7.7,8.2,7.7,8,7.7,6.5,8.2
Kamla Nehru College For Women,Punjab,Commerce,654,670,7.9,8.5,8,8.2,8.3,5.8,8.8
Chandigarh University,Punjab,Commerce,654,670,8.6,8.6,8.2,8.4,9,8.6,8.8
"University Business School, Panjab University",Punjab,Commerce,654,670,8.3,8.1,8.4,8.4,7.9,8.1,8.7
Gian Jyoti Institute Of Management And Technology,Punjab,Commerce,654,670,8.2,8.6,7.4,8.7,8.1,7.6,8.5
"University School Of Business, Chandigarh University",Punjab,Commerce,654,670,9.1,9.1,8.8,9.1,9.2,9.3,8.9
"Ludhiana College Of Engineering And Technology, Ludhiana",Punjab,Commerce,654,670,6.7,7,6.8,7.5,6.8,5.1,7.2
Punjab Institute Of Management And Technology,Punjab,Commerce,654,670,8.9,9.4,8.4,9.4,8.8,8.6,8.6
Doraha Institute Of Management And Technology,Punjab,Commerce,654,670,7.9,8.2,7.4,8.2,8,7.5,8.1
"Chitkara University, Chitkara Business School",Punjab,Commerce,654,670,8.5,8.9,7.4,8.5,9.1,8.5,8.6
"Khalsa College, Amritsar",Punjab,Commerce,654,670,7.9,8.3,7.7,7.9,8.3,6.5,8.4
"Bbk Dav College For Women, Amritsar",Punjab,Commerce,654,670,8.8,9,8.5,9.5,8.2,7.8,9.5
"Doaba College, Jalandhar",Punjab,Commerce,654,670,8.7,9.1,8.4,9.4,8.6,8.1,8.5
Chandigarh Business School Of Administration,Punjab,Commerce,654,670,8,8,7.4,8.1,8,8.4,8.3
Dav College,Punjab,Commerce,654,670,8,8.4,7.4,8.3,8,6.8,8.8
Goswami Ganesh Dutt Sanatan Dharama College,Punjab,Commerce,654,670,8.1,8.6,7.6,8.5,8.1,7.1,8.8
"Dav College, Jalandhar",Punjab,Commerce,654,670,7.5,8,6.4,7.9,7.5,7.5,7.7
"Rimt University, Gobindgarh",Punjab,Commerce,654,670,7.6,7.9,7.3,7.8,8,6.7,7.8
Kanya Mahavidyalaya,Punjab,Commerce,654,670,9.8,9.8,9.7,9.8,9.7,9.6,9.9
"Post Graduate Government College, Chandigarh",Punjab,Commerce,654,670,7.7,8.4,7.2,8.4,7.5,6.5,7.9
"Dav College, Amritsar",Punjab,Commerce,654,670,7.5,8,6.6,8.3,6.8,7.3,7.9
"Rimt College Of Architecture, Fatehgarh Sahib",Punjab,Commerce,654,670,5.6,6,7,6,6.5,3,5
"Post Graduate Government College For Girls, Chandigarh",Punjab,Commerce,654,670,8.1,8.6,8.4,8.9,8.2,6.1,8.5
"Shanti Devi Arya Mahila College, Gurdaspur",Punjab,Commerce,654,670,7.9,8.2,7.4,8.2,8,7.5,8.1
Indian Institute Of Management,Punjab,Commerce,654,670,9,8.8,9.1,9.1,8.9,9.1,8.7
Chitkara University,Punjab,Commerce,654,670,8.5,8.4,7.7,8.5,8.9,8.7,8.7
"Guru Kashi University, Bathinda",Punjab,Commerce,654,670,7.5,7.4,7.2,8,7.2,7.2,7.8
"Dav University, Jalandhar",Punjab,Commerce,654,670,7.9,8.4,7,8.4,7,8,8.5
"Goenka College Of Commerce And Business Administration,",West Bengal,Commerce,654,670,7.8,8.9,6.1,8.6,7.5,7.5,8.1
Jd Birla Institute,West Bengal,Commerce,654,670,7.6,8.3,6.1,8.1,7.7,7.6,8
"University Of Calcutta, Kolkata",West Bengal,Commerce,654,670,7.7,8.6,6.9,8.5,7.7,6.5,7.7
St. Xavier'S College,West Bengal,Commerce,654,670,8.3,8.8,7.4,8.4,8.6,7.8,8.8
"Scottish Church College, Kolkata",West Bengal,Commerce,654,670,7.8,8.3,7.8,8.3,8.1,6.3,8.2
"Annex College, Kolkata",West Bengal,Commerce,654,670,7.9,7.7,8.3,8.3,7.8,7.5,8
Indian Institute Of Social Welfare And Business,West Bengal,Commerce,654,670,7.7,8.6,6.5,8.3,6.9,8,8
"Kd College Of Commerce & General Studies,",West Bengal,Commerce,654,670,7.3,8.8,7.8,6.4,8.2,5.3,7
"Asutosh College, Kolkata",West Bengal,Commerce,654,670,7.5,8.3,6.5,8.4,7.7,5.6,8.5
Maulana Azad College,West Bengal,Commerce,654,670,7.8,8.8,7.7,8.4,8.3,5.5,7.9
"Dwijendralal College, Nadia",West Bengal,Commerce,654,670,7.3,8.1,6.9,8.3,7.6,5.1,7.7
Dinabandhu Andrews College,West Bengal,Commerce,654,670,7.2,8.1,6.3,8,7.6,5.3,7.6
"Sivanath Sastri College, Kolkata",West Bengal,Commerce,654,670,7.2,8.3,5.9,8.2,6.6,6.4,7.8
"Amity University, Kolkata",West Bengal,Commerce,654,670,8.2,8.1,7.7,8.4,8.8,7.4,8.5
"Shri Shikshayatan College, Kolkata",West Bengal,Commerce,654,670,8.2,8.6,7.6,8.7,8.5,7.6,8.3
"Adamas University, Kolkata",West Bengal,Commerce,654,670,8.2,8.3,7.5,8.5,9,7.8,7.8
Sister Nivedita University,West Bengal,Commerce,654,670,8.2,8.2,7.6,8.9,7.9,7.8,8.7
"Acharya Jagadish Chandra Bose College, Kolkata",West Bengal,Commerce,654,670,6.4,7.1,5.3,7.6,6.9,4.7,6.7
St. Xavier'S University,West Bengal,Commerce,654,670,8.4,8.7,8,8.3,8.9,7.8,8.4
"Techno India University, Kolkata",West Bengal,Commerce,654,670,8,8.2,7.4,8.2,8.1,7.8,8.4
"City College Of Commerce And Business Administration,",West Bengal,Commerce,654,670,6.9,7.8,5.9,8,7.1,5.6,7.2
"Diamond Harbour Womenâ€™S University, South 24 Parganas",West Bengal,Commerce,654,670,8.1,8.6,8.2,8.2,8,7.5,8.1
"Brainware University, Kolkata",West Bengal,Commerce,654,670,7.9,8.3,7.6,7.9,8.2,7.8,7.3
Seacom Skills University,West Bengal,Commerce,654,670,7.5,8.4,6.4,8.9,7.4,6.7,7.3
The Neotia University,West Bengal,Commerce,654,670,8.2,8.7,7.5,8.5,8.2,7.8,8.6
"Rammohan College, Kolkata",West Bengal,Commerce,654,670,7.4,8,7.3,8.4,7,6.1,7.7
Ias Academy,West Bengal,Commerce,654,670,7.9,8.2,8,8,7.8,7.6,7.8
Durgapur Society Of Management Science,West Bengal,Commerce,654,670,8.7,8.7,7.6,9.5,8.5,8.2,9.5
Institute Of International Trade,West Bengal,Commerce,654,670,7.9,8.2,7.6,7.8,7.8,8,7.8
Kingston Educational Institute,West Bengal,Commerce,654,670,9,8.6,9.5,8.2,8,7.5,8.1
Kalinga Institute Of Industrial Technology,Orissa,Commerce,654,670,8.6,8.4,8.1,8.2,9.2,8.6,9
Xavier University,Orissa,Commerce,654,670,8.2,8.7,7.8,8.4,9.2,6.8,8.4
Institute Of Media Studies,Orissa,Commerce,654,670,7.9,8.2,7.4,8.2,8,7.5,8.1
Bjb Autonomous College,Orissa,Commerce,654,670,7.4,8.3,6.8,7.9,7.4,5.9,7.9
Biju Pattnaik College Of Science & Education,Orissa,Commerce,654,670,8,8.5,6.9,8.6,8,7.5,8.4
"Rama Devi Women'S University, Bhubaneswar",Orissa,Commerce,654,670,7.9,8.5,7.3,8.7,8.3,6,8.7
"Maharishi College Of Natural Law, Bhubaneswar",Orissa,Commerce,654,670,7.5,8.6,6.4,8.8,7.8,4.7,8.9
Sri Sri University,Orissa,Commerce,654,670,7.1,7.3,6.7,7,7.3,6.3,8.2
"D.R. Nayapalli College, Bhubaneswar",Orissa,Commerce,654,670,8.3,7.8,8.5,9,7.5,7.5,9.3
Birla Global University,Orissa,Commerce,654,670,8.3,8.8,8.1,7.8,8.8,8.1,8.4
Attitude Business School,Orissa,Commerce,654,670,7.9,8.2,7.4,8.2,8,7.5,8.1
National Institute Of Science And Technology,Orissa,Commerce,654,670,7.9,8.2,7.1,8.1,8.1,7.8,7.9
"Udayanath College Of Science And Technology, Cuttack",Orissa,Commerce,654,670,7.3,8.3,6.9,7.8,8,5.3,7.5
Niis Institute Of Information Science & Management,Orissa,Commerce,654,670,9,9.2,8.7,9.2,9.2,9,8.7
"Dhenkanal Autonomous College, Dhenkanal",Orissa,Commerce,654,670,7.2,8,6.7,7.8,7.4,6.4,6.9
"Asbm University, Bhubaneswar",Orissa,Commerce,654,670,8.1,8.4,8,8.4,8.5,7.3,8.1
Dav School Of Business Management,Orissa,Commerce,654,670,7.8,8.4,7.1,8.6,7.9,6.1,8.5
Indian Institute For Production Management,Orissa,Commerce,654,670,7.9,8.2,7.4,8.2,8,7.5,8.1
Mahendra Institute Of Management And Technical Studies,Orissa,Commerce,654,670,7.3,7,7.4,8.2,7,8,8.1
Arya School Of Management And Information Technology,Orissa,Commerce,654,670,3.2,4,4,3,3,1,4
Rj School Of Management Studies,Orissa,Commerce,654,670,7.9,8.2,7.4,8.2,8,7.5,8.1
"Odm Business School, Bhubaneswar",Orissa,Commerce,654,670,7.9,8.2,7.4,8.2,8,7.5,8.1
"Centurion University Of Technology And Management, School",Orissa,Commerce,654,670,8,8.8,8.3,7.8,8.8,7.3,7
"Aska Science College, Aska",Orissa,Commerce,654,670,7.9,8.5,7,8.3,8,8,7.3
"Baji Rout Memorial College, Bhubaneswar",Orissa,Commerce,654,670,6.9,8.3,5,8.7,7.3,5,7
"Bapujee College, Bhubaneswar",Orissa,Commerce,654,670,5.3,6,7.4,8.2,6,4,8.1
"Bhadrak Autonomous College, Bhadrak",Orissa,Commerce,972,670,7.7,8.2,7.1,8,8,7,7.9
"Chikiti Mahavidyalaya, Ganjam",Orissa,Commerce,654,670,8.3,8.6,7.8,9,8.4,6.8,9
"Chitalo Mahavidyalaya, Jajapur",Orissa,Commerce,654,670,8.6,9,8.5,8.3,9.3,6.8,9.5
Indian Institute Of Management,Uttarakhand,Commerce,654,670,8.7,8.6,8.7,8.9,8.9,8.5,8.3
Greenway Institute Of Management Studies,Uttarakhand,Commerce,654,670,6.1,7,5.5,6.5,6.5,4,7
Ims Unison University,Uttarakhand,Commerce,654,670,8.2,8.2,8,8.5,8.5,7.5,8.2
Doon Business School,Uttarakhand,Commerce,654,670,7.6,8,7,8.1,7.4,7.4,7.7
University Of Petroleum And Energy Studies,Uttarakhand,Commerce,654,670,8.1,8.1,7.8,7.9,8.6,7.7,8.2
"Institute Of Media Management , Technology &",Uttarakhand,Commerce,654,670,7.9,8.2,7.4,8.2,8,7.5,8.1
"Uttaranchal Institute Of Management, Dehradun",Uttarakhand,Commerce,654,670,6.8,6.8,5.5,6.8,7.8,5.5,8.3
"Bishamber Sahai Degree College, Roorkee",Uttarakhand,Commerce,654,670,7.9,8.2,7.4,8.2,8,7.5,8.1
Dolphin Pg Institute Of Biomedical & Natural,Uttarakhand,Commerce,654,670,7.7,8.4,6.5,7.9,7.8,6.7,8.6
"Doon University, Dehradun",Uttarakhand,Commerce,654,670,7.2,7.3,7,7.3,7.9,6.3,7.6
"Motherhood University, Roorkee",Uttarakhand,Commerce,654,670,8,8.3,7.9,7.6,8,8,8.3
"Uttaranchal University, Dehradun",Uttarakhand,Commerce,654,670,7.5,7.8,6.8,7.7,8.6,6.5,7.5
Graphic Era University,Uttarakhand,Commerce,654,670,8.3,8.2,7.9,8.4,8.6,8.1,8.4
Swami Rama Himalayan University,Uttarakhand,Commerce,654,670,7,7.1,6.6,6.9,7.4,7.1,6.7
Graphic Era Hill University,Uttarakhand,Commerce,654,670,8.1,7.9,7.8,8.1,8.4,7.7,8.4
Shri Guru Ram Rai University,Uttarakhand,Commerce,654,670,7.6,7.8,7.1,7.9,7.9,7.3,7.7
Himgiri Zee University,Uttarakhand,Commerce,654,670,7.9,8.5,5.5,9,8,7.7,8.8
"Tula'S Institute, Dehradun",Uttarakhand,Commerce,654,670,7.8,8,7.2,7.7,8.5,7.4,8.2
College Of Engineering,Uttarakhand,Commerce,654,670,8.3,8.4,8.1,8.1,8.7,7.5,8.8
Institute Of Technology And Management,Uttarakhand,Commerce,654,670,7.4,7.8,7.5,7.8,5.6,8,7.8
Bfit Group Of Institutions,Uttarakhand,Commerce,654,670,7.5,7.7,7.1,7.7,7.6,7.1,8
Graphic Era Hill University Bhimtal Campus,Uttarakhand,Commerce,654,670,8.1,8.2,7.6,7.9,8.8,7.8,8
Phonics Group Of Institutions,Uttarakhand,Commerce,654,670,7.6,7.8,6.8,7.7,7.9,7.4,7.7
Sardar Bhagwan Singh University,Uttarakhand,Commerce,654,670,8.7,8.7,8.3,9.3,9,8.3,8.7
"Maya Group Of Colleges, Dehradun",Uttarakhand,Commerce,654,670,7.3,6.8,7.2,8.3,7.2,6.7,7.3
Amrapali Group Of Institutes,Uttarakhand,Commerce,654,670,7.8,7.8,7.5,8.2,7.5,7.8,8.1
"Dibrugarh University, Dibrugarh",Assam,Commerce,654,670,7.8,7.9,7.7,8,8.4,6.5,8.2
Tezpur University,Assam,Commerce,654,670,8,8.2,8,7.9,8.8,6.7,8.5
Royal Global University,Assam,Commerce,654,670,7.6,7.8,6.6,8,9,6.5,7.7
"Dispur College, Guwahati",Assam,Commerce,654,670,6.1,6.9,4.6,7.4,6.3,4.5,7
"Guwahati College, Guwahati",Assam,Commerce,654,670,6.8,7.1,5.8,7.8,6.6,5.9,7.3
Arya Vidyapeeth College,Assam,Commerce,654,670,7.1,7.7,6.5,8.7,7,5,7.4
Assam Don Bosco University,Assam,Commerce,654,670,7.8,8.3,7.8,8.1,8.8,6.4,7.3
Gauhati University,Assam,Commerce,654,670,8.2,8.4,7.5,8.7,8.4,7.2,8.7
Nerim Group Of Institutions,Assam,Commerce,654,670,7.1,7.7,6.1,7.5,7.8,6.9,6.6
"Lalit Chandra Bharali College, Guwahati",Assam,Commerce,654,670,7.1,7.5,6.8,7.8,8.3,5.2,6.8
"Pragjyotish College, Guwahati",Assam,Commerce,654,670,6.5,7.3,5.8,7.6,7.3,4.3,6.9
Assam Rajiv Gandhi University Of Cooperative Management,Assam,Commerce,654,670,8.4,9,7.5,9,8.5,8,8.5
"Bh College, Barpeta",Assam,Commerce,654,670,7.2,7.7,6.6,8.4,7.9,4.4,7.9
"Bagadhar Barahma Kishan College, Baksa",Assam,Commerce,654,670,7.9,8.2,7.4,8.2,8,7.5,8.1
"Barpeta Girls College, Barpeta",Assam,Commerce,654,670,7.9,8.2,7.4,8.2,8,7.5,8.1
Bhawanipur Hastinapur Bijni College,Assam,Commerce,654,670,9.2,8.2,7.4,8.2,8,7.5,8.1
"Bhola Nath College, Dhubri",Assam,Commerce,654,670,7.3,8.5,6,8,8,5,8.5
"Bihpuria College, Lakhimpur",Assam,Commerce,654,670,7.5,8,7.5,8.7,7.5,6,7
"Bikali College, Goalpara",Assam,Commerce,654,670,7.6,8.5,7.5,8.5,8,7,6
"Biswanath College, Sonitpur",Assam,Commerce,654,670,8.2,9.8,8.3,8.2,8,7.5,8.1
"Bongaigaon College, Bongaigaon",Assam,Commerce,654,670,8.2,8.5,8,8.6,7.8,7.9,8.3
"Cachar College, Silchar",Assam,Commerce,654,670,7.6,8.1,6.8,8.4,7.7,6.7,8.1
"Chaiduar College, Sonitpur",Assam,Commerce,654,670,8,8.3,7.3,8.7,8,7.7,8
Chandra Kamal Bezbaruah College,Assam,Commerce,654,670,7.9,8.2,7.4,8.2,8,7.5,8.1
"Dakshin Kamrup College, Nalbari",Assam,Commerce,654,670,7,7.8,6.1,7.8,7.4,5.6,7.1
"Darrang College, Tezpur",Assam,Commerce,654,670,7.8,8.6,6.8,8.4,8.1,6.9,8
"Dhemaji Commerce College, Dhemaji",Assam,Commerce,654,670,7.9,8.2,7.4,8.2,8,7.5,8.1
"Dhing College, Nagaon",Assam,Commerce,654,670,7.9,8.2,7.4,8.2,8,7.5,8.1
"Dibru College, Dibrugarh",Assam,Commerce,654,670,7.6,8.1,7.2,7.9,7.6,7,7.9
"Digboi College, Dibrugarh",Assam,Commerce,654,670,7.9,8.3,7.4,8.5,7.9,7.2,8.1
"Gaya College, Gaya",Bihar,Commerce,654,670,7.1,7.8,6,7.8,7.7,5.6,7.8
Ram Krishna Dwarika College,Bihar,Commerce,654,670,6.9,7.8,6.1,7.7,7,5.1,7.6
"Magadh Mahila College, Patna",Bihar,Commerce,654,670,7.8,8.5,7.3,9,8,6.1,7.8
Tilka Manjhi Bhagalpur University,Bihar,Commerce,654,670,7.5,7.7,6.8,8.1,7.6,6.4,8.1
Magadh University,Bihar,Commerce,654,670,6,7.1,5,6.9,6.4,4.7,5.8
"Vanijya Mahavidhyalaya, Patna",Bihar,Commerce,654,670,7.9,8.2,7.4,8.2,8,7.5,8.1
Patna Women'S College,Bihar,Commerce,654,670,7.8,8.3,7.3,8.2,8.6,6.2,8.1
Ram Lakhan Singh Yadav College,Bihar,Commerce,654,670,7.9,8.2,7.4,8.2,8,7.5,8.1
"Amity University, Patna",Bihar,Commerce,654,670,7.8,8.5,7.2,7.8,7.7,7.8,7.9
Aryabhatta Knowledge University,Bihar,Commerce,654,670,8,8.7,7.1,8.1,8.3,7.6,8.1
Indian Institute Of Management,Bihar,Commerce,654,670,8.7,8.6,8.5,8.9,8.6,8.9,8.7
"College Of Commerce, Arts & Science, Patna",Bihar,Commerce,654,670,6.9,7.9,4.7,8.1,7.6,5.6,7.3
Patna University,Bihar,Commerce,654,670,7,7.6,6.2,8.2,7.3,5.1,7.4
Catalyst Institute Of Management And Advance Global,Bihar,Commerce,654,670,8.3,8.8,7.7,8.8,8.2,8.7,7.7
Gopal Narayan Singh University,Bihar,Commerce,654,670,8.5,8.6,8.6,8.2,8.9,8.1,8.4
Nalanda Open University,Bihar,Commerce,654,670,7.3,9,5.8,8.3,7.2,5.4,7.8
"St Xavier'S College Of Management And Technology,",Bihar,Commerce,654,670,8.3,8.8,7.6,8.7,8.4,7.4,8.9
"Moti Babu Institute Of Technology- [Mbit], Patna",Bihar,Commerce,654,670,9.5,8.2,7.4,8.2,8,7.5,8.1
"Buddha Institute Of Technology- [Bit], Gaya",Bihar,Commerce,654,670,7.4,7.3,7,8,7,7,8
"B.M.D. College, Vaishali",Bihar,Commerce,654,670,7.6,8.7,8,8.3,6.7,7.3,6.7
Bhuwaneshwari Dayal College,Bihar,Commerce,654,670,7.2,8.2,6.3,8.4,7.6,5.3,7.1
"Daudnagar College, Aurangabad",Bihar,Commerce,654,670,5.4,7,2,9,5,2.5,7
"Forbesganj College, Araria",Bihar,Commerce,654,670,6.8,6.7,6.7,8,7,4.7,7.7
"Gdm College, Harnaut",Bihar,Commerce,654,670,6.7,8,2,7,8,7.5,8.1
"H.D. Jain College, Arrah",Bihar,Commerce,654,670,7,8.1,5.7,7.7,6.7,6.4,7.1
"K.B. Jha College, Katihar",Bihar,Commerce,654,670,7.7,8.8,7,8.8,6.8,6.3,8.3
Kanhai Lal Sahu College,Bihar,Commerce,654,670,6.7,7,6,7.5,7.6,5.8,6.5
Langat Singh College,Bihar,Commerce,654,670,7.5,8,7.1,8.1,7.7,6.7,7.4
"M.V. College, Buxar",Bihar,Commerce,654,670,6.5,6.3,4.8,7.9,6.8,5.5,7.7
Government Jamuna Prasad Verma Post Graduate Arts,Chhattisgarh,Commerce,654,670,5.3,6,3,8,5,3,7
"Mahant Laxminarayan Das College, Raipur",Chhattisgarh,Commerce,654,670,6.6,7,4,7.5,7,7,7
Pt. Ravishankar Shukla University,Chhattisgarh,Commerce,654,670,6.1,7,4.8,6.8,6.8,4.1,6.8
"Mats University, Raipur",Chhattisgarh,Commerce,654,670,7.4,7.4,7,7.8,7.4,7.2,7.4
"Government Mahaprabhu Vallabhacharya Post Graduate College, Mahasamund",Chhattisgarh,Commerce,654,670,7.9,8.2,7.4,8.2,8,7.5,8.1
"Amity University, Raipur",Chhattisgarh,Commerce,654,670,7.8,7.8,8.3,8,8,6.3,8.2
"Itm University, Raipur",Chhattisgarh,Commerce,654,670,7.4,8,6.4,7,8.3,7.2,7.6
Op Jindal University,Chhattisgarh,Commerce,654,670,8.9,9.1,8.3,9,9.5,8.4,9
"Icfai University, Raipur",Chhattisgarh,Commerce,654,670,8.6,8.6,8.4,8.8,8.8,8.6,8.4
Shri Shankaracharya Institute Of Professional Management And,Chhattisgarh,Commerce,654,670,8,8.3,7.7,8.6,7.8,7.7,7.9
Shri Rawatpura Sarkar University,Chhattisgarh,Commerce,654,670,8.5,9,8,8.5,8.5,8.5,8.5
Maharishi University Of Management And Technology Bilaspur,Chhattisgarh,Commerce,654,670,6.4,7.5,7,6,7.5,5.3,5
Kk Modi University,Chhattisgarh,Commerce,654,670,7.5,8.5,6,8.2,7.5,8,8.1
"Rungta Group Of Institutions Bhilai Campus, Bhilai",Chhattisgarh,Commerce,654,670,8.6,9.1,8.7,7.9,9.2,9.1,7.6
Kruti Institute Of Technology And Engineering,Chhattisgarh,Commerce,654,670,7.9,8.3,7.7,8.3,9.5,6.5,7.3
"Isbm University, Raipur",Chhattisgarh,Commerce,654,670,7.9,8.2,7.4,8.2,8,7.5,8.1
"Disha College Of Management Studies- [Dcms], Raipur",Chhattisgarh,Commerce,654,670,8,8,8,8.3,8.3,7.3,8
"Rungta Group Of Institutions Raipur Campus, Raipur",Chhattisgarh,Commerce,654,670,8.7,9,8,8,9,9,9
"Mats School Of Business Studies, Raipur",Chhattisgarh,Commerce,654,670,7.3,8.2,5.4,8.2,8.1,7.5,8.1
"Bhilai Mahila Mahavidyalaya, Durg",Chhattisgarh,Commerce,654,670,6.6,6.7,5.3,7.3,7,5.5,7.5
"Christ College, Bastar",Chhattisgarh,Commerce,654,670,7.7,8.2,7.4,9,8,5,9
"D.L.S. P.G. College, Bilaspur",Chhattisgarh,Commerce,654,670,7.9,8.2,7.4,8.2,8,7.5,8.1
"Durga Mahavidyalaya, Raipur",Chhattisgarh,Commerce,654,670,4.7,5,4,5.3,4.3,3,6.3
"Ghanshyam Singh Arya Kanya Mahavidyalaya, Durg",Chhattisgarh,Commerce,654,670,7.9,8.2,7.4,8.2,8,7.5,8.1
"Government Db Girl'S Post Graduate College, Raipur",Chhattisgarh,Commerce,654,670,3.9,6,7.4,4,4,2.5,3
"Government Digvijay Autonomous College, Rajnandgaon",Chhattisgarh,Commerce,654,670,7.9,8.2,7.4,8.2,8,7.5,8.1
"Government Maharishi Valmiki College, Kanker",Chhattisgarh,Commerce,783,670,7.9,8.2,7.4,8.2,8,7.5,8.1
"Government Ram Bhajan Rai Nes College, Jashpur",Chhattisgarh,Commerce,654,670,7.9,8.2,7.4,8.2,8,7.5,8.1
"Government Shahid Kaushal Yadav College, Balod",Chhattisgarh,Commerce,654,670,7.9,8.2,7.4,8.2,8,7.5,8.1
"Ranchi University, Ranchi",Jharkhand,Commerce,654,670,7.5,7.9,6.8,8,8.3,6.2,7.8
St. Xavier'S College,Jharkhand,Commerce,654,670,8,8.5,7.5,8.3,8.4,6.9,8.2
Ybn University,Jharkhand,Commerce,654,670,8.2,8.5,7.5,8.5,8,8.3,8.4
"Ranchi Women'S College, Ranchi",Jharkhand,Commerce,654,670,7.4,8,7,8.1,7.1,6.9,7.5
"Rkdf University, Ranchi",Jharkhand,Commerce,654,670,7.9,8.2,7.4,8.2,8,7.5,8.1
Jharkhand Rai University,Jharkhand,Commerce,654,670,7.7,8,7.5,8.8,7.3,6.9,7.8
"Nirmala College, Ranchi",Jharkhand,Commerce,654,670,8.5,9.2,8.1,8.9,8.7,7.3,8.8
Nilamber Pitamber University,Jharkhand,Commerce,654,670,8.5,9,7.7,8.6,8.7,8.3,8.6
Netaji Subhas University,Jharkhand,Commerce,654,670,9,9.5,9.4,8.7,9.2,8.5,8.7
"Sai Nath University, Ranchi",Jharkhand,Commerce,654,670,6.8,7.4,6.7,6.8,6.9,6.9,6.3
Radha Govind University,Jharkhand,Commerce,654,670,8.6,8.9,8,8.7,8.9,8.4,8.5
"Arka Jain University, Jamshedpur",Jharkhand,Commerce,654,670,8.1,8.1,7.7,8.1,8,7.5,9
"Amity University, Ranchi",Jharkhand,Commerce,654,670,7.8,8.2,7.5,8.5,7.2,7,8.2
Usha Martin University,Jharkhand,Commerce,654,670,7.6,8.5,6.5,8.8,6.8,7.9,7.1
Doranda College,Jharkhand,Commerce,745,670,6.3,6.8,5.3,7.3,6.7,5,6.5
"Icfai University, Ranchi",Jharkhand,Commerce,654,670,7.2,7.8,6.1,8.6,6.4,6.7,7.4
Sarala Birla University,Jharkhand,Commerce,654,670,8.5,8.6,8.3,8.4,8.8,8.4,8.2
"Marwari College, Ranchi",Jharkhand,Commerce,654,670,6.9,8.1,5.2,7.9,6.8,6.9,6.7
Capital University,Jharkhand,Commerce,654,670,8.2,8.3,8.1,8,8.3,8.1,8.1
Ramchandra Chandravansi University,Jharkhand,Commerce,654,670,5.7,7,7.4,8.2,6,4,8.1
"Coxtan Administrative & Management College, Dhanbad",Jharkhand,Commerce,654,670,7.9,8.2,7.4,8.2,8,7.5,8.1
"Annada College, Hazaribagh",Jharkhand,Commerce,654,670,6.9,8.1,5.3,7.4,7.3,6.2,7.2
"B.S.K. College, Barharwa, Sahibganj",Jharkhand,Commerce,654,670,6.8,8.2,5.8,8.3,7,4.2,7.5
"Gossner College, Ranchi",Jharkhand,Commerce,654,670,7.2,7.8,6.3,8.2,7.6,5.8,7.4
Jagannath Jain College,Jharkhand,Commerce,568,670,7.6,8.8,6.4,8.8,8.6,4.8,8.4
"Jamshedpur Women'S College, Jamshedpur",Jharkhand,Commerce,654,670,7.4,7.8,7.4,7.6,7.3,7.2,6.9
"Kb Women'S College, Hazaribagh",Jharkhand,Commerce,654,670,8.5,9,9,8,9,7.5,8.5
Karim City College,Jharkhand,Commerce,654,670,7.4,7.9,6.4,8.4,7.6,6.1,8.1
"Pk Roy Memorial College, Dhanbad",Jharkhand,Commerce,654,960,6.4,7.1,5.4,7.1,6.8,5.2,6.6
"Faculty Of Management Sciences And Liberal Arts,",Himachal Pradesh,Commerce,654,670,8.9,8.4,8.3,9.3,8.9,9,9.5
"St Bede'S College, Shimla",Himachal Pradesh,Commerce,654,670,7.9,8.3,8.3,7.7,8.5,7.1,7.6
Indus International University,Himachal Pradesh,Commerce,654,670,6.8,8,7,7,6,7,6
Dr Ys Parmar University Of Horticulture And,Himachal Pradesh,Commerce,654,670,7.9,8.6,8.5,8.4,8.1,5.3,8.2
Indian Institute Of Management,Himachal Pradesh,Commerce,654,670,8.7,8.5,8.6,8.8,8.8,8.8,8.8
Maharishi Markandeshwar,Himachal Pradesh,Commerce,654,670,8.6,9,8.2,8.9,8.2,8.4,8.9
Eternal University,Himachal Pradesh,Commerce,654,670,7.5,7.4,7.1,7.8,8.2,7.1,7.4
Baddi University Of Emerging Sciences And Technologies,Himachal Pradesh,Commerce,654,670,7.1,6.7,6.9,7.2,7.3,7,7.7
Iec University Baddi,Himachal Pradesh,Commerce,654,670,7.6,7.5,7.5,7.4,7.7,8,7.5
Career Point University,Himachal Pradesh,Commerce,654,670,7.5,7.5,7.4,7,7.6,6.6,8.6
Sri Sai University,Himachal Pradesh,Commerce,654,670,7.4,7.3,6.3,8.2,7.7,6.8,8
"Arni University, Kangra",Himachal Pradesh,Commerce,654,670,8,8.2,7.4,8.1,8.4,7.7,8.4
Bahra University,Himachal Pradesh,Commerce,654,670,7.6,7.8,7.5,8,7.7,7,7.6
Maharaja Agrasen University,Himachal Pradesh,Commerce,654,670,7.5,7.7,7.5,7.6,8.7,7,6.2
"Icfai University, Baddi",Himachal Pradesh,Commerce,654,670,8,9,7,8,8,8,8
Manav Bharti University,Himachal Pradesh,Commerce,654,670,6.2,5.3,4.7,6.7,7,6.3,7
"Bells Institute Of Management & Technology, Shimla",Himachal Pradesh,Commerce,654,670,6.8,8,8,6,8,4,7
"Akal College Of Economics, Commerce And Management,",Himachal Pradesh,Commerce,654,670,7.9,8.2,7.4,8.2,8,7.5,8.1
"Ggdsd College, Palampur",Himachal Pradesh,Commerce,654,670,7.9,8.2,7.4,8.2,8,7.5,8.1
"Government Post Graduate College, Una",Himachal Pradesh,Commerce,654,670,8.6,9,8.3,8.3,9.5,7.5,8.7
"Lal Bahadur Shastri Government Degree College, Shimla",Himachal Pradesh,Commerce,654,670,7.9,8.2,7.4,8.2,8,7.5,8.1
"Mp Govt College, Una",Himachal Pradesh,Commerce,654,670,4.5,5,3,7,5,3,4
"Pandit Sant Ram Government College, Kangra",Himachal Pradesh,Commerce,654,670,7.8,9,7,9,7.7,5.3,8.5
"Vallabh Government College, Mandi",Himachal Pradesh,Commerce,654,670,7,8.4,6.7,8.1,6.9,3.8,8
Himachal Pradesh University,Himachal Pradesh,Commerce,654,670,7.2,7.7,6.7,7.7,7.3,6.1,7.7
Swami Vivekanand Government College,Himachal Pradesh,Commerce,654,670,8.1,8.7,8,9.5,8.3,5,9
"Government College, Kangra",Himachal Pradesh,Commerce,654,670,7.2,7.8,6.8,8,7.4,5.5,7.5
"Government Post Graduate College, Chamba",Himachal Pradesh,Commerce,654,670,5.8,7.6,4.8,7.3,7,4,4.3
"University Of Jammu, Jammu",Jammu,Commerce,654,670,6.6,7.5,6.8,7.4,7.6,4.9,5.6
Sher-E-Kashmir University Of Agricultural Sciences And Technology,Jammu,Commerce,654,670,7.4,8.4,7.4,7.7,8,5.9,7.2
"Government Degree College, Srinagar",Jammu,Commerce,654,670,7.1,7.7,6.9,7.6,7,5.7,7.8
Model Institute Of Engineering And Technology,Jammu,Commerce,654,670,7.7,8.1,6.8,8.1,8,7.2,8
Baldev Institute Of Management Technology And Sciences,Jammu,Commerce,654,670,7.9,8.2,7.4,8.2,8,7.5,8.1
Government College For Women,Jammu,Commerce,654,670,7.5,8.6,7.8,8.4,8.2,3.7,8.1
"Government College For Women, Srinagar",Jammu,Commerce,654,670,6.8,7,7,7,8,3.5,8.5
"Government Degree College For Boys, Anantnag",Jammu,Commerce,654,670,6.1,6.9,5.1,6.6,6.9,4.6,6.2
"Government Degree College For Boys, Udhampur",Jammu,Commerce,654,670,6.6,6.7,5.7,7,6.7,5.3,8
"Government Degree College, Doda",Jammu,Commerce,654,670,6.7,8.2,7.4,8.2,8,7.5,8.1
"Government Degree College, Kathua",Jammu,Commerce,654,670,6.3,7,6.1,7.3,6.4,4.9,6.3
Sri Pratap Memorial Rajput College Of Commerce,Jammu,Commerce,654,670,6.9,7.6,6.2,8.1,5.6,5.7,8.2
Sant Rocha Singh Degree College,Jammu,Commerce,654,670,7.9,8.2,7.4,8.2,8,7.5,8.1
Central University Of Kashmir,Jammu,Commerce,654,670,7.8,8.2,7.8,8.4,7.2,7.4,7.6
University Of Kashmir,Jammu,Commerce,654,670,6.7,7,6.9,7.1,7.2,5.1,6.8
"Gandhi Memorial College, Srinagar",Jammu,Commerce,654,670,5.6,6.7,4.4,7.9,5.7,3.3,5.6
"Government Degree College, Baramulla",Jammu,Commerce,654,670,7.4,8.2,6.4,8.4,8,6.3,7.3
Government Degree College,Jammu,Commerce,654,670,7.2,8.4,5.4,8.4,8.4,4.7,7.9
Government Degree College Pulwama,Jammu,Commerce,654,670,6.8,6.5,6,8,6.5,6.6,7.4
"Islamia College Of Science And Commerce, Srinagar",Jammu,Commerce,654,670,7.3,8.1,7.2,7.8,7.7,5.7,7.5
Sher-E-Kashmir University Of Agricultural Sciences And Technology,Jammu,Commerce,654,670,7.7,8.4,7,8.4,7.4,7,7.9
"Directorate Of Distance Education, University Of Jammu,",Jammu,Commerce,654,670,7.4,8,6.6,8.4,7.6,6.4,7.6
"Government Degree College For Women, Baramulla",Jammu,Commerce,654,670,7.9,8.2,7.4,8.2,8,7.5,8.1
"Cluster University Of Jammu, Jammu",Jammu,Commerce,654,670,8.5,8,7.4,8.2,8,7.5,8.1
Cluster University Of Srinagar,Jammu,Commerce,654,670,8.2,8.7,8.3,8.1,8.3,7.2,8.5
"Directorate Of Distance Education, University Of Kashmir,",Jammu,Commerce,654,670,7.9,8.2,7.4,8.2,8,7.5,8.1
"University Of Ladakh, Ladakh",Jammu,Commerce,654,670,7.9,8.2,7.4,8.2,8,7.5,8.1
Mehr Chand Mahajan Dayanand Anglo Vedic College,Chandigarh,Commerce,654,670,8.2,8.4,8,8.5,8.2,7.6,8.4
Panjab University,Chandigarh,Commerce,654,670,7.7,8.2,7.7,8,7.7,6.5,8.2
"University Business School, Panjab University",Chandigarh,Commerce,654,670,8.3,8.1,8.4,8.4,7.9,8.1,8.7
"University School Of Business, Chandigarh University",Chandigarh,Commerce,654,670,9.1,9.1,8.8,9.1,9.2,9.3,8.9
Dav College,Chandigarh,Commerce,654,670,8,8.4,7.4,8.3,8,6.8,8.8
Goswami Ganesh Dutt Sanatan Dharama College,Chandigarh,Commerce,654,670,8.1,8.6,7.6,8.5,8.1,7.1,8.8
"Post Graduate Government College, Chandigarh",Chandigarh,Commerce,654,670,7.7,8.4,7.3,8.4,7.4,6.5,7.9
"Post Graduate Government College For Girls, Chandigarh",Chandigarh,Commerce,654,670,8.1,8.6,8.4,8.9,8.2,6.1,8.5
"Guru Gobind Singh College For Women, Chandigarh",Chandigarh,Commerce,654,670,6.5,7.5,5.5,8.3,6,3.7,8
"Iitt Institutions, Chandigarh",Chandigarh,Commerce,654,670,7.9,8.2,7.4,8.2,8,7.5,8.1
"Dev Samaj College For Women, Chandigarh",Chandigarh,Commerce,654,670,8.3,8.3,8.7,9.4,8.3,6.5,8.4
"Government College Of Commerce And Business Administration,",Chandigarh,Commerce,654,670,8.2,8.9,6.7,8.8,8.7,7.4,8.9
"Artex Informatic Solutions, Chandigarh",Chandigarh,Commerce,654,670,7.9,8.2,7.4,8.2,8,7.5,8.1
"Uei Global, Chandigarh",Chandigarh,Commerce,654,670,8.3,8.2,8.3,8.3,8.5,8.5,8.2
Sri Guru Gobind Singh College,Chandigarh,Commerce,654,670,7.9,8.3,7.5,8.6,7.5,6.8,8.4
"Pg Government College For Girls, Chandigarh",Chandigarh,Commerce,654,670,8.1,7.7,7.4,8.9,8.3,8.2,8
"University School Of Open Learning, Panjab University",Chandigarh,Commerce,654,670,7.8,8.6,6.5,8.6,7.9,7.2,8.2
"Institute Of Distance & Online Learning, Chandigarh",Chandigarh,Commerce,654,670,7.9,8.2,7.4,8.2,8,7.5,8.1
Swami Vivekanand College Of Management And Technology,Chandigarh,Commerce,654,670,8.3,9,8,8.2,8,8,8.1
Swami Vivekanand Group Of Institutes,Chandigarh,Commerce,654,670,8.5,9,7.8,8.2,9,8.1,8.1
"St. Xavier'S College, Bardez",Goa,Commerce,654,670,7.6,8.1,7.2,7.9,8.3,5.3,8.6
Birla Institute Of Technology And Science,Goa,Commerce,654,670,8.5,8.4,8.3,7.8,8.7,8.7,8.9
"Government College Of Arts Science And Commerce Sanquelim, North Goa",Goa,Commerce,654,670,7.9,8.2,7.4,8.2,8,7.5,8.1
Sridora Caculo College Of Commerce And Management Studies,Goa,Commerce,654,670,7.3,8.3,7,8,6.7,6,8
"Ces College Of Arts And Commerce, Salcete",Goa,Commerce,654,670,7.9,8.2,7.4,8.2,8,7.5,8.1
"Carmel College For Women, Salcete",Goa,Commerce,654,670,7.5,9,5.3,9.3,6.3,6.3,9
"Dnyanprassarak Mandal'S College Of Arts Science Commerce Management Studies & Technology, Bardez",Goa,Commerce,654,670,6.6,7.2,5.2,7.8,7.2,5.8,6.4
"Government College Of Arts Science And Commerce Quepem, North Goa",Goa,Commerce,654,670,7.8,8,8,9.7,6.5,5,9.3
Murgaon Education Societys College Of Arts And Commerce,Goa,Commerce,654,670,8.1,9,7.5,8.5,8.7,6.7,8
"Rosary College Of Commerce And Arts, Salcete",Goa,Commerce,654,670,7.3,8,5.5,8.5,7.1,6.4,8
"Shree Maliikarjun College Of Arts And Commerce, South Goa",Goa,Commerce,654,670,9.5,8.2,7.4,8.2,8,7.5,8.1
"Shree Damodar College Of Commerce And Economics, Salcete",Goa,Commerce,654,670,7.9,7.8,7.1,8.4,8.9,7,8.3
"Narayan Zantye College Of Commerce, North Goa",Goa,Commerce,654,670,7.9,8.2,7.4,8.2,8,7.5,8.1
"Goa University, North Goa",Goa,Commerce,654,670,7.9,8.6,7.4,7.8,7.7,8,7.6
"S. S. Dempo College Of Commerce And Economics, Panji",Goa,Commerce,654,670,6.6,7.3,4.8,6.8,7.5,6.3,7
"Government College Of Arts, Science And Commerce, North Goa",Goa,Commerce,654,670,7.9,8.2,7.4,8.2,8,7.5,8.1
Fr. Agnel College Of Arts And Commerce,Goa,Commerce,654,670,7.9,8.2,7.4,8.2,8,7.5,8.1
"Arunodaya University, Itanagar",Arunachal Pradesh,Commerce,654,670,8.4,9,8.5,8.2,9,7.5,7.9
Himalayan University,Arunachal Pradesh,Commerce,654,670,8.6,8.6,8,8.9,9.1,8.1,9
Dera Natung Government College,Arunachal Pradesh,Commerce,654,670,4.3,4.7,1.5,6.3,5,2.3,6
Apex Professional University,Arunachal Pradesh,Commerce,654,670,7.4,7.5,7.5,7.5,7.5,7.5,7
"Indira Gandhi Government College, Lohit",Arunachal Pradesh,Commerce,654,670,7.9,8.2,7.4,8.2,8,7.5,8.1
"Jawaharlal Nehru College, East Siang",Arunachal Pradesh,Commerce,654,670,7.9,8.2,7.4,8.2,8,7.5,8.1
"Saint Claret College, Ziro",Arunachal Pradesh,Commerce,654,670,7.9,8.2,7.4,8.2,8,7.5,8.1
Rajiv Gandhi University,Arunachal Pradesh,Commerce,654,670,7,7.4,6.6,7.7,7.6,5.4,7.2
Arunachal University Of Studies,Arunachal Pradesh,Commerce,654,670,8.3,8.7,7.9,8.4,8.1,8.2,8.4
North East Frontier Technical University,Arunachal Pradesh,Commerce,654,670,8.3,9,7.6,8.5,8.2,8.7,8
Venkateshwara Open University,Arunachal Pradesh,Commerce,654,670,7.9,8.3,7.3,8.5,7.5,7.8,8.2
"Indira Gandhi Technological And Medical Sciences University, Ziro",Arunachal Pradesh,Commerce,654,670,7.9,8.2,7.4,8.2,8,7.5,8.1
"Don Bosco College, Itanagar",Arunachal Pradesh,Commerce,654,670,7.9,8.2,7.4,8.2,8,7.5,8.1
"The Global University, Itanagar",Arunachal Pradesh,Commerce,654,670,7.9,8.2,7.4,8.2,8,7.5,8.1
"Mahabodhi Lord Buddha College, Namsai",Arunachal Pradesh,Commerce,654,670,7.9,8.2,7.4,8.2,8,7.5,8.1
"Cmj University, Ri-Bhoi",Meghalaya,Commerce,654,670,8.3,8.8,7.8,8.5,7.8,8.2,8.6
North-Eastern Hill University,Meghalaya,Commerce,654,670,7.9,7.9,7.8,8.2,8.4,6.6,8.2
Martin Luther Christian University,Meghalaya,Commerce,654,670,7.9,8.3,8,8.4,7,7.4,8.1
University Of Science And Technology,Meghalaya,Commerce,654,670,8.4,8.7,8.1,8.7,8.5,7.9,8.5
Mahatma Gandhi University,Meghalaya,Commerce,654,670,8.1,9,7,9,9,6.3,8.4
William Carey University,Meghalaya,Commerce,654,670,8.5,9.2,8.4,8.4,8.2,8.1,8.6
"Icfai University, Shillong",Meghalaya,Commerce,654,670,7.1,7.2,6.7,7.3,7.2,7.4,6.8
Jaintia Eastern College,Meghalaya,Commerce,654,670,7.9,8.2,7.4,8.2,8,7.5,8.1
"St Anthony'S College, Shillong",Meghalaya,Commerce,654,670,8.3,8.9,7.4,8.4,8.9,6.9,9
"St Mary'S College, Shillong",Meghalaya,Commerce,654,670,7.2,7,8,8,7.7,5.3,7.3
"Synod College, Shillong",Meghalaya,Commerce,654,670,3.5,4.3,1,5,3.5,2,5
"Umshyrpi College, Shillong",Meghalaya,Commerce,654,670,7.6,8,7,7.5,8,8,7
"Union Christian College, Shillong",Meghalaya,Commerce,654,670,8.4,9,8.5,7.7,9,6.6,9.7
"Shillong College, Shillong",Meghalaya,Commerce,654,670,7,6.5,6,8.6,6.7,6.4,7.8
"St. Edmund'S College, Shillong",Meghalaya,Commerce,654,670,7.9,8.2,7.4,8.2,8,7.5,8.1
"Nagaland University, Zunhebotto",Nagaland,Commerce,654,670,8.1,8.1,7.7,8.7,7.8,7.8,8.3
"St.Joseph University, Dimapur",Nagaland,Commerce,654,670,8.1,8.4,7.9,8.3,8,8.1,8.1
"Icfai University, Dimapur",Nagaland,Commerce,654,670,7.4,7.1,7.1,7.8,8.2,7,7.3
"Dimapur Government College, Dimapur",Nagaland,Commerce,654,670,7,8.2,5.9,8.6,6.4,6.2,6.7
"Kohima College, Kohima",Nagaland,Commerce,654,670,7,7.6,6,7.5,7.6,6.2,7
"Patkai Christian College, Dimapur",Nagaland,Commerce,654,670,8.1,9,7,9.4,8.3,5.8,9
"St Joseph'S College, Kohima",Nagaland,Commerce,654,670,8.4,9,7.9,8.5,8.9,7.1,9.2
The Global Open University,Nagaland,Commerce,654,670,7.8,8.9,7.3,8.4,7.6,7.3,7.4
Public College Of Commerce,Nagaland,Commerce,654,670,6.5,8,5,9,8,4,5
"Oriental College, Kohima",Nagaland,Commerce,654,670,7.9,8.2,7.4,8.2,8,7.5,8.1
"Unity College, Dimapur",Nagaland,Commerce,654,670,7.9,8.2,7.4,8.2,8,7.5,8.1
"Tetso College, Dimapur",Nagaland,Commerce,654,670,7.9,8.2,7.4,8.2,8,7.5,8.1
"Shri Digamber Jain Girls' College, Dimapur",Nagaland,Commerce,654,670,7.9,8.2,7.4,8.2,8,7.5,8.1
Pondicherry University,Puducherry,Commerce,654,670,7.8,8,7.3,8,8.1,6.9,8.4
Bharathidasan Government College For Women,Puducherry,Commerce,654,670,7.4,7.7,6.4,7.4,7.6,7.6,7.6
Achariya Arts And Science College,Puducherry,Commerce,654,670,7.2,7.5,6.7,7.5,6.9,7.3,7.5
Avvaiyar Government College For Women,Puducherry,Commerce,654,670,7.9,8.2,7.4,8.2,8,7.5,8.1
"Dr Srk Government Arts College, Yanam",Puducherry,Commerce,654,670,7.9,8.2,7.4,8.2,8,7.5,8.1
"Idhaya Arts And Science College For Women, Pondicherry",Puducherry,Commerce,654,670,5.7,5.8,5.4,5.6,6,5.8,5.8
Kanchi Mamunivar Centre For Post Graduate Studies,Puducherry,Commerce,654,670,5.8,6,5,6,5.5,6,6.5
"Perunthalaivar Kamarajar Government Arts College, Pondicherry",Puducherry,Commerce,654,670,6.2,6.3,5.8,7.3,5.8,5,7
Tagore Art College,Puducherry,Commerce,654,670,6.1,6.7,5.4,7,6,5.7,6
Mahe Co-Operative Centre For Information Technology,Puducherry,Commerce,654,670,7.3,7.5,7,7.8,7.3,6.3,7.8
"Pondicherry University, Directorate Of Distance Education",Puducherry,Commerce,654,670,8.2,8.8,7.9,8.2,8.3,7.7,8
"Indira Gandhi College Of Arts And Science, Pondicherry",Puducherry,Commerce,654,670,7.1,7.3,6.6,7.3,7.3,7,7.1
Mahatma Gandhi Government Arts College,Puducherry,Commerce,654,670,5.7,8,4,5.3,7.7,2,7.3
"Icfai University, West Tripura",Tripura,Commerce,654,670,8,8.1,7.6,8.1,8.3,7.6,8.5
Bir Bikram Memorial College,Tripura,Commerce,654,670,7.8,8.5,7.5,8,7.5,7,8
Dasarath Deb Memorial College,Tripura,Commerce,654,670,5.8,8,4,7,6,3,7
"Holy Cross College, Agartala",Tripura,Commerce,654,670,7.3,8.1,7.9,8.1,6.9,5.3,7.4
"Netaji Subhash Mahavidyalaya, Udaipur",Tripura,Commerce,654,670,7.9,8.2,7.4,8.2,8,7.5,8.1
"Ramthakur College, West Tripura",Tripura,Commerce,654,670,7.1,8.4,4.6,8.4,7.8,7,6.6
"Government Degree College, North Tripura",Tripura,Commerce,362,670,7.8,8.2,7.4,8.2,8,7.5,8.1
"Tripura University, West Tripura",Tripura,Commerce,654,670,7.5,8,7.1,8.4,7.6,6,8
"Maharaja Bir Bikram College, Agartala",Tripura,Commerce,654,670,6.6,6.9,4,7.7,7.3,6.2,7.2
"Icfai University, Gangtok",Sikkim,Commerce,654,670,6.8,6.7,6.8,7,6.7,7,6.6
"Srm University Sikkim, Gangtok",Sikkim,Commerce,654,670,8.1,7.7,7.1,8.5,8.3,8.3,8.4
Sikkim Manipal University,Sikkim,Commerce,654,670,7.4,7.9,6.5,8.2,7.6,6.8,7.4
Vinayaka Missions Sikkim University,Sikkim,Commerce,654,670,7.8,7.8,7.8,8,7.8,7.5,7.8
"Nar Bahadur Bhandari Degree College, East Sikkim",Sikkim,Commerce,654,670,7.7,8,7.7,9,7.7,5.3,8.3
"Sikkim University, Gangtok",Sikkim,Commerce,654,670,8.4,9,8.3,8.9,7.4,8.1,8.5
"Kakching Khunou College, Thoubal",Manipur,Commerce,654,670,7.9,8.2,7.4,8.2,8,7.5,8.1
Manipur University,Manipur,Commerce,654,670,8.1,8.4,8.2,8.5,7.7,7.2,8.4
"Dhanamanjuri University, Imphal",Manipur,Commerce,654,670,6.9,7.5,8,7,7,5,8.1
"Bir Tikendrajit University, Imphal",Manipur,Commerce,654,670,7.9,8.2,7.4,8.2,8,7.5,8.1
"Icfai University, Aizawl",Mizoram,Commerce,654,670,7,7.1,6.9,7.2,6.9,6.8,6.8
"Government Champhai College, Champhai",Mizoram,Commerce,654,670,7.9,8.2,7.4,8.2,8,7.5,8.1
"Pachhunga University College, Aizawl",Mizoram,Commerce,654,670,8.3,9.3,8,8.8,9,6.1,8.5
Mizoram University,Mizoram,Commerce,654,670,8,8.7,7,8.8,8,7.6,7.9
National Institute Of Electronics & Information Technology,Mizoram,Commerce,654,670,5.3,7,6,8.2,7,1,8.1
Jawaharlal Nehru Rajkeeya Mahavidyalaya,Andaman,Commerce,843,670,6.6,8.5,5,7,7.5,2.5,9
"Mahatma Gandhi Government College, Mayabander",Andaman,Commerce,654,670,7.9,8.2,7.4,8.2,8,7.5,8.1
