College_Name,State,Stream,UG_fee,PG_fee,Rating,Academic,Accommodation,Faculty,Infrastructure,Placement,Social_Life
"Loyola College, Chennai",Tamil Nadu,Science,654,670,8.6,8.7,8.2,8.3,8.9,8.4,8.8
Madras Christian College,Tamil Nadu,Science,654,670,8.6,8.5,7.9,8.6,8.7,8.4,9.2
"Presidency College, Chennai",Tamil Nadu,Science,654,930,8.2,8.8,7.3,8.9,8.1,7.6,8.6
"Stella Maris College, Chennai",Tamil Nadu,Science,654,670,8.2,8.8,7.5,8.6,8.4,7.6,8.5
"Psg College Of Arts And Science, Coimbatore",Tamil Nadu,Science,654,670,8.3,8.5,7.9,8.2,8.5,8.2,8.7
"Psgr Krishnammal College For Women, Coimbatore",Tamil Nadu,Science,654,670,8.8,9.1,8.3,8.6,8.9,8.7,9
"Ethiraj College For Women, Chennai",Tamil Nadu,Science,654,670,8.1,8.5,7.3,8.2,7.9,7.9,8.6
"Scott Christian College, Nagercoil",Tamil Nadu,Science,654,670,8.4,8.3,8,8.7,8.8,7.9,8.4
Women'S Christian College,Tamil Nadu,Science,654,670,8.7,9,7.9,8.8,9.1,8.5,8.9
"Government Arts College (Autonomous), Coimbatore",Tamil Nadu,Science,654,935,7.7,8.8,6.7,8.5,7.4,6.3,8.6
"Thiagarajar College, Madurai",Tamil Nadu,Science,654,670,7.5,7.9,7.1,8,7.1,7.2,7.9
"St. Joseph'S College, Tiruchirappalli",Tamil Nadu,Science,654,670,8.6,9.1,7.9,8.7,9.1,8,8.8
"Queen Mary'S College, Chennai",Tamil Nadu,Science,622,670,7.6,7.9,6.9,8.3,6.8,7.6,8.2
Bishop Heber College,Tamil Nadu,Science,654,670,8.3,8.5,7.8,8.2,8.9,8.1,8.4
Ayya Nadar Janaki Ammal College,Tamil Nadu,Science,654,670,8,8.5,7.7,8.4,8.5,6.8,7.8
"Kongunadu Arts And Science College, Coimbatore",Tamil Nadu,Science,654,670,7.3,8,6.7,8.3,7.3,6.3,7
"M.O.P. Vaishnav College For Women, Chennai",Tamil Nadu,Science,654,670,8.5,8.7,8.1,8.7,8.4,8.3,9
"Cms College Of Science And Commerce, Coimbatore",Tamil Nadu,Science,654,670,8.2,8.3,7.4,8.1,8.5,8,8.7
"Sri Krishna Arts And Science College, Coimbatore",Tamil Nadu,Science,654,670,8.5,8.6,7.8,8.6,8.9,8.7,8.5
Jamal Mohamed College,Tamil Nadu,Science,654,670,8.5,8.8,8.1,8.5,8.6,8.4,8.6
Sri Ramakrishna Mission Vidyalaya College Of Arts,Tamil Nadu,Science,654,670,8.6,8.8,7.7,8.9,9,8.1,8.9
"Sri Ramakrishna College Of Arts And Science,",Tamil Nadu,Science,654,670,8.2,8.2,7.3,8.7,7.7,8.2,8.8
Virudhunagar Hindu Nadar'S Senthikumara Nadar College,Tamil Nadu,Science,879,670,8.5,9,8.3,8.4,8.8,7.9,8.6
Madras School Of Social Work,Tamil Nadu,Science,654,670,8.1,9,8.2,8.2,6.7,8,8.2
Dr. N.G.P. Arts And Science College,Tamil Nadu,Science,654,670,7.6,7.8,7.1,7.5,8.4,7.7,7
"Guru Nanak College, Chennai",Tamil Nadu,Science,654,670,7.9,8.2,7.1,8,8.4,7.3,8.5
"Vellalar College For Women, Erode",Tamil Nadu,Science,654,670,8.1,8.5,7.6,8.3,8.5,7.7,8.1
"St. Xavier'S College (Autonomous), Palayamkottai",Tamil Nadu,Science,654,670,8.4,8.3,8,8.7,8.6,7.7,8.8
"V. O. Chidambaram College, Thoothukkudi",Tamil Nadu,Science,654,670,7.3,8.3,7.3,7,7.6,5.6,7.7
"Lady Doak College, Madurai",Tamil Nadu,Science,654,670,8.4,9.1,7.2,8.7,8.6,8.4,8.2
"Fergusson College, Pune",Maharashtra,Science,654,670,8.1,8.5,7.3,8.2,8.5,7.1,8.7
"St. Xavier'S College, Mumbai",Maharashtra,Science,654,670,8.2,8.7,7.3,8.3,8.8,7.6,8.7
D.G. Ruparel College Of Arts Science And,Maharashtra,Science,654,670,7.9,8.3,7.5,8.1,8.6,6.8,8.2
"Mithibai College Of Arts, Mumbai",Maharashtra,Science,654,670,8.5,8.5,8.3,8.4,8.9,7.6,9
"Ramnarain Ruia Autonomous College, Mumbai",Maharashtra,Science,654,670,7.9,8.4,7,8,8.4,6.6,8.9
B.K Birla College Of Arts Science &,Maharashtra,Science,654,670,7.6,8,6.5,8.1,8.1,6.6,8
Jai Hind College,Maharashtra,Science,654,670,8.5,8.5,8.3,8.5,8.4,7.8,9.2
Kishinchand Chellaram College,Maharashtra,Science,654,670,8.3,8.6,7.9,8.5,8.4,7.4,8.7
Rajiv Gandhi Institute Of Information Technology And,Maharashtra,Science,654,670,8.3,8.6,7.4,9.6,8.1,7.4,8.8
"Sophia College For Women, Mumbai",Maharashtra,Science,654,670,8.6,9.1,8.4,9.1,9.5,6.6,9
Iit Bombay,Maharashtra,Science,654,670,8.9,9.3,7.9,8.7,8.9,9.1,9.2
Institute Of Chemical Technology,Maharashtra,Science,654,670,8.7,9.1,8.1,8.9,8.7,8.4,9.1
Savitribai Phule Pune University,Maharashtra,Science,654,670,7.6,8.1,7.1,7.9,7.9,6.8,7.5
Dr Dy Patil Vidyapeeth,Maharashtra,Science,654,670,8.4,8.9,8.4,8.4,8.6,7.3,9
"Dy Patil University, Navi Mumbai",Maharashtra,Science,654,670,7.5,7.3,7.1,7.7,7.5,7.4,7.8
"Narsee Monjee College Of Commerce And Economics,",Maharashtra,Science,654,670,8.3,8.7,7.5,8.4,8.5,7.8,8.6
Sp Jain Institute Of Management And Research,Maharashtra,Science,654,670,8.7,9,8.3,9,8.8,9,8.1
Mahatma Phule Krishi Vidyapeeth,Maharashtra,Science,654,670,8.3,8.1,8,8.6,8.7,7.9,8.4
"Jamnalal Bajaj Institute Of Management Studies -[Jbims],",Maharashtra,Science,654,670,8.8,9.1,8.6,9.1,8.7,9.2,8.3
"Ra Podar College Of Commerce And Economics,",Maharashtra,Science,500,670,7.7,8.8,6.8,8.1,7.4,7.1,8.2
"Government Dental College & Hospital, Aurangabad",Maharashtra,Science,654,670,7.4,9,5,8.3,6,8.3,7.7
Armed Forces Medical College,Maharashtra,Science,654,670,9.7,9.4,9.7,9.7,9.6,9.9,9.9
Narsee Monjee Institute Of Management Studies,Maharashtra,Science,654,670,8.1,8.4,7.6,8.5,8.1,7.9,8.2
Ils Law College,Maharashtra,Science,654,670,7.3,8,5.6,7.7,7.7,6.6,8
Visvesvaraya National Institute Of Technology,Maharashtra,Science,654,670,8.1,8.3,7.5,8,8.4,7.7,8.7
Grant Medical College And Sir J. J.,Maharashtra,Science,654,670,8.8,8.5,8.2,8.4,9.1,9.1,9.7
Seth Gs Medical College,Maharashtra,Science,654,670,8,8.8,6.7,7.6,8,8.2,8.4
Central Institute Of Fisheries Education,Maharashtra,Science,654,670,8.9,9,9.7,8.5,9.7,8.2,8.4
St Andrew'S College Of Arts Science And,Maharashtra,Science,654,670,8.2,8.4,7.2,8.3,8.6,7.6,8.8
Modern College Of Arts Science And Commerce,Maharashtra,Science,654,670,7.5,8,6.6,8.3,7.3,6.9,7.6
Indian Institute Of Technology,Uttar Pradesh,Science,654,670,8.9,9.1,8.4,8.7,9.3,8.9,9.1
Sanjay Gandhi Postgraduate Institute Of Medical Sciences,Uttar Pradesh,Science,654,670,7.5,7,6.2,8.2,8.2,7.8,7.8
Banaras Hindu University,Uttar Pradesh,Science,654,670,8.3,8.7,8.1,8.4,8.8,7.2,8.6
King George'S Medical University,Uttar Pradesh,Science,654,670,8.9,9.3,8.2,9.1,9.4,9.1,8.4
Indian Institute Of Technology,Uttar Pradesh,Science,654,670,8.5,8.5,8.2,8.1,7.6,9.1,9.2
Indian Veterinary Research Institute,Uttar Pradesh,Science,654,670,8.9,8.4,9.4,8.7,9.3,8.7,8.8
Aligarh Muslim University,Uttar Pradesh,Science,654,670,8.3,8.8,7.9,8.5,8.8,7.2,8.6
"Faculty Of Law, Banaras Hindu University, Varanasi",Uttar Pradesh,Science,654,670,7.3,8.7,7.7,8.7,7.2,5,6.6
Institute Of Medical Sciences,Uttar Pradesh,Science,654,670,8.6,9.2,7.5,8.9,8.2,9.2,8.4
"Amity University, Noida",Uttar Pradesh,Science,654,670,8.2,8,7.9,8.1,8.9,7.6,8.7
Mnnit Allahabad,Uttar Pradesh,Science,654,670,8,8.4,7.3,7.8,7.1,8.9,8.2
"Amity University, Lucknow",Uttar Pradesh,Science,654,670,8.1,8,7.6,8.1,8.8,7.1,8.8
"Lloyd Law College, Greater Noida",Uttar Pradesh,Science,654,670,7.5,8.5,7.2,7.8,7.8,7.1,6.8
Chaudhary Charan Singh University,Uttar Pradesh,Science,654,670,6.4,6.6,6.1,7.3,6.6,4.9,6.6
"National Post Graduate College, Lucknow",Uttar Pradesh,Science,654,670,7.6,8.6,7.4,8.5,7.6,6.8,6.7
Ims Design And Innovation Academy,Uttar Pradesh,Science,654,670,8.6,8.5,8,9,9,8,9
Jaypee Institute Of Information Technology University,Uttar Pradesh,Science,654,670,7.8,7.8,7.7,7.3,8.2,7.8,7.7
Indian Institute Of Information Technology,Uttar Pradesh,Science,654,670,8.3,8.4,7.4,7.6,9,9.2,8.1
Sam Higginbottom University Of Agriculture Technology And,Uttar Pradesh,Science,654,670,7.2,7.6,6.6,7.5,7.5,6,7.9
"Dayalbagh Educational Institute Faculty Of Engineering, Agra",Uttar Pradesh,Science,654,670,8,8.3,7.1,8.5,8.1,8.2,8
Ewing Christian College,Uttar Pradesh,Science,654,670,7,8.2,5.7,7.9,7.5,5.1,7.8
"Chm Institute Of Hotel And Business Management,",Uttar Pradesh,Science,654,670,7.9,8.2,7.4,8.2,8,7.5,8.1
Teerthanker Mahaveer University,Uttar Pradesh,Science,654,670,8.1,8.3,7.6,8.2,8.7,7.3,8.3
"Presidency College Of Education And Technology, Meerut",Uttar Pradesh,Science,654,670,7.9,8.2,7.4,8.2,8,7.5,8.1
"Mewar Institute Of Management, Ghaziabad",Uttar Pradesh,Science,654,670,7.9,8.3,6.6,8.7,7.9,8.3,7.7
Rajiv Academy For Technology And Management,Uttar Pradesh,Science,654,670,8.6,9.4,8.1,9,8.1,8.5,8.5
Mangalayatan University,Uttar Pradesh,Science,654,670,7.9,7.8,7.8,8.2,8.4,7.1,8.1
Institute Of Technology And Science,Uttar Pradesh,Science,654,670,8.2,8.6,7.5,8.3,8.6,7.9,8.1
Indian Institute Of Sugarcane Research,Uttar Pradesh,Science,654,670,8.7,8,9,9,8,9,9
Dav College,Uttar Pradesh,Science,654,670,6.7,7.5,5.6,7.3,7,5.8,7.1
"St Stephen'S College, New Delhi",Delhi Ncr,Science,654,670,8.7,9.2,7.6,9.1,8.6,8.6,9.1
"Hindu College, New Delhi",Delhi Ncr,Science,654,670,8.4,8.8,7.9,8.7,8.5,7.6,9
Lady Shri Ram College For Women,Delhi Ncr,Science,654,670,8.5,8.8,7.9,8.6,8.6,8,8.9
"Miranda House, New Delhi",Delhi Ncr,Science,654,670,8.6,9.1,8.5,8.5,9.3,7.1,8.9
Hansraj College,Delhi Ncr,Science,654,670,8.4,8.7,7.9,8.7,8.5,7.8,8.9
Kirori Mal College,Delhi Ncr,Science,654,670,8.2,8.7,7.6,8.6,7.9,7.3,8.9
"Ramjas College, New Delhi",Delhi Ncr,Science,654,670,7.9,8.4,7.1,8.4,7.9,7,8.5
"Sri Venkateswara College, New Delhi",Delhi Ncr,Science,654,670,8.3,8.7,7.8,8.5,8.2,7.9,8.8
Atma Ram Sanatan Dharma College,Delhi Ncr,Science,654,670,7.8,8.4,6.7,8.4,8,6.8,8.7
"Deen Dayal Upadhyaya College, New Delhi",Delhi Ncr,Science,654,670,7.9,8.4,7.4,8.3,8.4,6.5,8.2
Dyal Singh College,Delhi Ncr,Science,654,670,7.7,8.2,6.9,8.1,7.7,7.1,8.3
"Lady Irwin College, New Delhi",Delhi Ncr,Science,654,670,8.2,9,6.9,8.9,8.7,6.8,9
"Gargi College, New Delhi",Delhi Ncr,Science,654,670,8.2,8.5,7.2,8.6,8,7.8,9
Jesus And Mary College,Delhi Ncr,Science,654,670,7.9,8.6,6.9,8.1,8.5,7.1,8.4
Sri Guru Tegh Bahadur Khalsa College,Delhi Ncr,Science,654,670,7.8,8.2,7.2,8.2,8.1,6.8,8.3
Shaheed Rajguru College Of Applied Sciences For,Delhi Ncr,Science,654,670,7.9,8.3,7.3,8.3,8.8,6.5,8.1
"Jamia Millia Islamia University-[Jmi], New Delhi",Delhi Ncr,Science,654,670,8,8.4,7.6,8.3,8.4,7.2,8.2
Acharya Narendra Dev College,Delhi Ncr,Science,654,670,7.8,8.9,6.5,8.7,7.3,7.1,8.1
Daulat Ram College,Delhi Ncr,Science,654,670,7.9,8.4,7.4,8.5,7.5,7.2,8.4
"Maitreyi College, New Delhi",Delhi Ncr,Science,654,670,7.8,8.3,6.8,8.3,8,6.8,8.3
Shyam Lal College,Delhi Ncr,Science,654,670,7.3,8.1,6.2,8,7.5,6.1,7.9
Kamala Nehru College,Delhi Ncr,Science,654,670,8.1,8.7,7.6,8.8,7.3,7.2,8.7
Indraprastha College For Women,Delhi Ncr,Science,654,670,8,8.8,7.6,8.2,8.8,7.1,7.5
Maharaja Agrasen College,Delhi Ncr,Science,654,670,7.7,8.2,6.7,8.1,8.7,6.5,7.9
"Shivaji College, New Delhi",Delhi Ncr,Science,654,670,7.8,8.2,6.8,8.3,8.1,6.8,8.3
Shaheed Sukhdev College Of Business Studies,Delhi Ncr,Science,654,670,8.6,9.1,7.6,9,8.3,8.8,8.6
"Keshav Mahavidyalaya, New Delhi",Delhi Ncr,Science,654,670,8.1,8.6,7.4,8.7,8.8,7,8
"Sri Guru Gobind Singh College Of Commerce,",Delhi Ncr,Science,654,670,8.2,8.7,7.5,8.4,8.7,7.6,8.5
"Kalindi College, New Delhi",Delhi Ncr,Science,654,670,7.4,8.6,6.4,8.4,7,6.3,7.8
"Ramanujan College, New Delhi",Delhi Ncr,Science,654,670,7.9,8.6,6.5,8.4,8.3,7.2,8.3
Andhra Loyola College,Andhra Pradesh,Science,654,670,8,8.5,7.4,8.5,8.6,7,8.2
"Silver Jubilee Government Degree College, Kurnool",Andhra Pradesh,Science,654,670,7.7,8.3,6.1,9,7.7,7.1,7.9
Acharya Ng Ranga Agricultural University,Andhra Pradesh,Science,654,670,8.4,8.8,8.1,9.4,8.2,7,8.6
Sri Venkateswara Institute Of Medical Sciences,Andhra Pradesh,Science,654,670,7.8,8.2,7.9,8.1,7.5,7.5,7.5
K L University,Andhra Pradesh,Science,654,670,8.3,8.5,7.6,8.3,8.8,8.3,8.2
"Andhra University, College Of Engineering",Andhra Pradesh,Science,654,670,7.7,8.2,6.9,7.8,8,7.2,7.9
Pes Institute Of Medical Sciences And Research,Andhra Pradesh,Science,654,670,7.9,8.3,6.5,8.4,8.4,7.6,8.3
Sri Venkateswara University,Andhra Pradesh,Science,654,670,8.1,7.9,8.3,8.2,7.9,7.7,8.4
"Vignanâ€™S Foundation For Science, Technology, And Research,",Andhra Pradesh,Science,654,670,8.2,8.2,8.4,8.5,8.2,7.7,8.4
Shri Vishnu College Of Pharmacy,Andhra Pradesh,Science,654,670,8,8.1,8,8.1,8.4,7.7,7.8
"Jntua College Of Engineering, Ananthapur",Andhra Pradesh,Science,654,670,7,7.1,7.3,6.7,7.5,6.3,7.3
Sagi Ramakrishnam Raju Engineering College,Andhra Pradesh,Science,654,670,8.2,8.5,7.5,8.4,8.3,8.2,8.3
"Chalapathi Institute Of Pharmaceutical Sciences, Guntur",Andhra Pradesh,Science,654,670,8.1,8.7,8,8.3,8.8,7.9,7.1
Acharya Nagarjuna University,Andhra Pradesh,Science,654,670,7.3,7.7,7,7.2,8,5.7,8.2
Sri Venkateswara Veterinary University,Andhra Pradesh,Science,654,670,8.2,8.7,8,8.5,7.8,7.8,8.4
"Tsr And Tbk Degree And Pg College,",Andhra Pradesh,Science,654,670,7.7,8.3,6,8.8,8,6.8,8.5
"Dr. Lankapalli Bullayya College, Visakhapatnam",Andhra Pradesh,Science,654,670,8.2,8.7,7.5,8.6,9,6.8,8.3
"Krea University, Sri City",Andhra Pradesh,Science,654,670,8.6,8.2,8.6,8.7,8.6,8.8,8.8
Jawaharlal Nehru Technological University,Andhra Pradesh,Science,654,670,7.4,7.7,6.8,7.1,7.7,7.1,7.8
Pvkn Govt Degree College,Andhra Pradesh,Science,654,670,8.9,9.7,7.7,9,8.7,8.3,9.7
Indian Institute Of Technology,Andhra Pradesh,Science,654,670,8.6,9,8.1,8.8,8.7,8.2,8.9
Centurion University Of Technology And Management,Andhra Pradesh,Science,654,670,7.8,8,7.2,8.3,7.6,7.4,8.3
Bapatla Engineering College,Andhra Pradesh,Science,654,670,7.5,7.8,7.3,7.7,8.2,6.5,7.7
National Institute Of Technology,Andhra Pradesh,Science,654,670,7.2,7.9,6.6,7.5,6.9,6.9,7.2
"Rajiv Gandhi University Of Knowledge Technologies -[Rgukt],",Andhra Pradesh,Science,654,670,8.2,8.4,7.6,8.1,8.9,7.7,8.5
Indian Institute Of Information Technology Design And,Andhra Pradesh,Science,654,670,7.4,7.9,7.6,8,6.7,7.2,7.2
Rajeev Gandhi Memorial College Of Engineering And,Andhra Pradesh,Science,654,670,7.4,7.8,7.2,7.6,8,6.2,7.4
Vit University,Andhra Pradesh,Science,654,670,8.2,8.3,7.9,8.3,8.1,8.4,8.1
"Srm University, Amaravathi",Andhra Pradesh,Science,654,670,8.7,8.7,8.1,9.2,9.2,8.4,8.4
Mount Carmel College,Karnataka,Science,654,670,8.3,8.3,7.8,8.2,8.3,7.9,9.1
"Christ University, Bangalore",Karnataka,Science,654,670,8.3,8.5,7.4,8.2,8.9,8.1,8.8
St Joseph'S College,Karnataka,Science,654,670,8.1,8.4,7.3,8.4,8.3,7.6,8.6
Kristu Jayanti College,Karnataka,Science,654,670,8.4,8.9,7.7,8.4,8.9,8.1,8.5
"St. Aloysius College, Mangalore",Karnataka,Science,654,670,7.9,8.4,7.1,8.1,8.3,7.1,8.6
The Oxford College Of Science,Karnataka,Science,654,670,7.1,7.8,6.4,7.7,7.4,6.2,7.2
Jyoti Nivas College,Karnataka,Science,654,670,7.8,8.2,7.4,8.3,7.7,7,8.4
"Nmkrv College For Women, Bangalore",Karnataka,Science,654,670,7.9,7.9,7.3,8.4,8.1,6.9,8.7
Indian Institute Of Management,Karnataka,Science,654,670,9.1,9,9,9.1,9.2,9.2,8.9
National Law School Of India University,Karnataka,Science,654,670,8.8,9.1,8.6,9.3,8.1,9.1,8.8
Kasturba Medical College,Karnataka,Science,654,670,9,9,8.1,9,9.5,8.9,9.3
Welcomgroup Graduate School Of Hotel Administration,Karnataka,Science,654,670,8.8,8.7,8.3,8.6,8.7,9.1,9.3
Manipal College Of Dental Sciences,Karnataka,Science,654,670,8.7,9,7.2,9.1,9.4,8.2,9.3
Manipal Academy Of Higher Education,Karnataka,Science,654,670,8.4,8.5,8.2,8.6,8.8,7.8,8.4
National Institute Of Technology,Karnataka,Science,654,670,8.4,8.7,7.2,8.2,8.4,8.9,8.9
Kasturba Medical College,Karnataka,Science,654,670,8.5,9.2,8.2,9.1,8.1,8.2,8.3
"Ramaiah Medical College, Bangalore",Karnataka,Science,654,670,8.8,9.3,7.9,9.4,9.3,8.6,8.1
"Jss Academy Of Higher Education & Research,",Karnataka,Science,654,670,8.2,8.3,7.5,8.6,8.5,8,8
Bangalore Medical College And Research Institute,Karnataka,Science,654,670,8.4,8.6,7.7,8.2,7.9,9.3,8.5
Army Institute Of Fashion And Design,Karnataka,Science,654,670,9,9.2,9.2,8.7,8.6,9,9
"Jd Institute Of Fashion Technology, Bangalore",Karnataka,Science,654,670,8.2,8.7,5.5,9.6,7.7,7.7,9.8
Ks Hegde Medical Academy,Karnataka,Science,654,670,8.6,9,8.4,9.6,8.4,8.2,8.2
T. A. Pai Management Institute,Karnataka,Science,654,670,8.5,8.5,8.4,8.8,8.6,8.7,7.8
"University College Of Law Bangalore University, Bangalore",Karnataka,Science,654,670,7.6,8.5,6,8.5,7.5,8,7
Belagavi Institute Of Medical Sciences,Karnataka,Science,654,670,8.6,9.1,8,9,7.4,9.8,8
"College Of Dental Sciences, Davanagere",Karnataka,Science,654,670,8.3,9.2,7,8.8,8.4,8.4,7.8
"Alliance University, Bangalore",Karnataka,Science,654,670,8,8.2,7.2,8.2,8.8,7.6,8
Ramaiah Institute Of Technology,Karnataka,Science,654,670,8.4,8.5,7.8,8.3,8.7,8.3,8.6
International Institute Of Information Technology,Karnataka,Science,654,670,8.7,9.2,8.5,9.1,8.8,8.9,7.6
Bms College Of Engineering,Karnataka,Science,654,670,8.2,8.4,8,8,8,8.3,8.7
"Nizam College, Hyderabad",Telangana,Science,654,670,8.2,8.3,7.5,8.6,8.3,7.6,8.7
"Loyola Academy Degree And Pg College, Secunderabad",Telangana,Science,654,670,8.1,8.5,7.2,8.4,8.5,7.7,8.4
"St Ann'S College For Women, Hyderabad",Telangana,Science,654,670,8.1,8.6,6.9,8.7,8.5,7.7,8.4
"St Joseph'S Degree And Pg College, Hyderabad",Telangana,Science,654,670,7.8,8.2,6.4,8.4,7.5,8,8.1
"St Francis College For Women, Hyderabad",Telangana,Science,654,670,8.5,8.9,7.2,8.5,8.9,8.6,9
Indian Institute Of Technology,Telangana,Science,654,670,8.5,8.7,8,8.7,8.5,8.3,8.6
University Of Hyderabad,Telangana,Science,654,670,8.4,8.7,7.6,8.5,9,7.5,8.8
National Institute Of Pharmaceutical Education And Research,Telangana,Science,654,670,8.4,8.6,8,8.7,8,8.4,8.4
National Institute Of Technology,Telangana,Science,654,670,8.4,8.6,7.9,8.2,8.5,8.6,8.4
Icfai Foundation For Higher Education,Telangana,Science,654,670,8.2,8.3,7.5,8.1,8.6,7.8,8.9
International Institute Of Information Technology,Telangana,Science,654,670,8.3,9,8.2,8.5,7.8,9.2,6.9
Jawaharlal Nehru Technological University,Telangana,Science,654,670,8,8.3,7.7,7.8,8.3,7.6,8.3
Icfai Business School,Telangana,Science,654,670,8.2,8.2,8,8.1,8.5,7.8,8.7
Kasturba Gandhi Degree And Pg College For,Telangana,Science,654,670,8,8.1,7,8.3,8.6,7.1,8.8
Narsee Monjee Institute Of Management Studies,Telangana,Science,654,670,8.8,8.9,8.4,9.2,8.9,8.5,8.9
A.V. College Of Arts Science And Commerce,Telangana,Science,654,670,8,8.1,6.3,8.1,8.7,7.8,8.9
Osmania University College For Women,Telangana,Science,654,670,8.2,8,8.4,8.7,8.5,6.5,9
Indian Institute Of Management And Commerce,Telangana,Science,654,670,7.7,8.3,5.3,8.6,7.5,8.1,8.3
Osmania University,Telangana,Science,654,670,7.9,8.3,7.5,8,8,7.7,7.9
Kakatiya University,Telangana,Science,654,670,7.2,7.4,6.8,7.6,7.2,6.8,7.4
Directorate Of Sorghum Research,Telangana,Science,654,670,7.9,8.2,7.4,8.2,8,7.5,8.1
Siva Sivani Institute Of Management,Telangana,Science,654,670,7.4,7.6,7.2,7.6,7.3,7.3,7.5
"Anurag University, Hyderabad",Telangana,Science,654,670,8.3,8.5,7.5,8.2,8.9,8,8.4
Centre For Cellular And Molecular Biology,Telangana,Science,654,670,8.4,8.2,7.4,8.7,8,8.2,8.3
Dr. B.R. Ambedkar Open University,Telangana,Science,654,670,6.7,7.3,5.6,7.8,7.2,5.5,6.8
K L University,Telangana,Science,654,670,7.9,7.9,7.4,8.1,8.2,7.6,8.1
"Gandhi Medical College, Secunderabad",Telangana,Science,654,670,7.3,7.9,7.6,7.7,7,6.9,6.7
Maulana Azad National Urdu University,Telangana,Science,654,670,7.8,7,8.3,8.1,8.6,7.1,7.9
Sarojini Naidu Vanita Mahavidyalaya,Telangana,Science,654,670,9.4,9.8,9.8,8.5,9.5,9,9.5
Raja Bahadur Venkat Rama Reddy Women'S College,Telangana,Science,654,670,8.2,7.8,7.6,8.6,8.3,7.9,8.7
"Ips Academy, Indore",Madhya Pradesh,Science,654,670,7.6,7.7,7.1,7.5,8,7.2,7.8
Indian Institute Of Technology,Madhya Pradesh,Science,654,670,8,8.4,7.6,8.1,7.7,7.8,8.4
School Of Planning And Architecture,Madhya Pradesh,Science,654,670,7.5,8.4,7.7,8.1,7.7,5.7,7.4
National Law Institute University,Madhya Pradesh,Science,654,670,8.4,8.6,7.9,7.9,9.1,8.5,8.4
Maulana Azad National Institute Of Technology,Madhya Pradesh,Science,654,670,7.8,7.8,7.5,7.5,7.6,8.1,8.5
Indian Institute Of Forest Management,Madhya Pradesh,Science,654,670,9,9,9.1,9,9.3,8.5,9.1
Atal Bihari Vajpayee Indian Institute Of Information,Madhya Pradesh,Science,654,670,7.6,7.5,7,7.1,8.2,7.7,8
Rabindranath Tagore University,Madhya Pradesh,Science,654,670,7.7,8,7.4,7.8,8.6,6.4,7.8
"Rajeev Gandhi College, Bhopal",Madhya Pradesh,Science,654,670,6.7,7,5.9,7.3,7.1,5.6,7.2
Jawaharlal Nehru Krishi Vishwa Vidyalaya,Madhya Pradesh,Science,654,670,7.9,8.2,7.5,8.7,7.7,7,8.4
Prestige Institute Of Management,Madhya Pradesh,Science,654,670,8.4,9.1,6.8,9,8.2,8.7,8.3
Islamia Karimia College,Madhya Pradesh,Science,654,670,5.9,6,5.5,8,5.5,4.5,6
Shri Vaishnav Institute Of Management,Madhya Pradesh,Science,654,670,8.1,8.6,7.1,8.7,8,7.5,8.6
Institute For Excellence In Higher Education,Madhya Pradesh,Science,654,670,7.2,7.9,6.5,7.9,7,6.7,7.4
"M.B. Khalsa College, Indore",Madhya Pradesh,Science,654,670,6.6,6.7,5.2,7.8,7.1,5.7,7
"Amity University, Gwalior",Madhya Pradesh,Science,654,670,8.6,8.8,8.5,8.4,9.3,8,8.3
Government M L B Girls Pg College,Madhya Pradesh,Science,654,670,6.9,7.1,6.5,7.4,6.5,5.8,7.8
"Devi Ahilya Vishwavidyalaya, Indore",Madhya Pradesh,Science,654,670,7.5,8,6.5,7.8,7.5,7,7.9
"Government Maharani Laxmi Bai Girls Pg College,",Madhya Pradesh,Science,654,670,7.9,8.2,7.4,8.2,8,7.5,8.1
"Altius Institute Of Universal Studies, Indore",Madhya Pradesh,Science,654,670,9,9,8,8.2,8,7.5,8.1
Regional Institute Of Education,Madhya Pradesh,Science,654,670,8.6,9,8.3,8.5,8.9,8.4,8.2
Barkatullah University,Madhya Pradesh,Science,654,670,6.9,7.3,6.1,7.4,6.9,6,7.5
Indira Gandhi National Tribal University,Madhya Pradesh,Science,654,670,7.5,7.5,7.3,8.4,7.9,5.9,7.9
Rajmata Vijayaraje Scindia Krishi Vishwa Vidyalaya,Madhya Pradesh,Science,654,670,8.2,9,7,8.5,8,8,8.6
Atal Bihari Vajpayee Hindi Vishwavidyalaya,Madhya Pradesh,Science,654,670,7.7,8.3,6.3,8.7,7.3,7.8,7.9
Awadhesh Pratap Singh University,Madhya Pradesh,Science,654,670,7.1,7.9,6.5,8.1,7.2,5.3,7.3
"Career College, Bhopal",Madhya Pradesh,Science,654,670,8.3,8.4,7.6,8.7,8.3,8.4,8.3
Madhya Pradesh Bhoj (Open) University,Madhya Pradesh,Science,654,670,7.8,8.6,7.4,8.7,7.5,7.6,7.2
Bonnie Foi College,Madhya Pradesh,Science,654,670,7.9,8.2,7.4,8.2,8,7.5,8.1
"Vit Bhopal University, Bhopal",Madhya Pradesh,Science,654,670,7.9,8.6,7.7,8.4,7.1,8.1,7.4
"Trivandrum University College, Thiruvananthapuram",Kerala,Science,654,670,8.5,9.2,8,8.6,9,7.5,8.6
"Mar Ivanios College, Thiruvananthapuram",Kerala,Science,654,670,8.3,8.7,8.1,8.7,8.8,6.6,9
Sacred Heart College,Kerala,Science,654,670,8.5,8.9,7.5,8.6,8.8,8,9.1
Rajagiri College Of Social Sciences,Kerala,Science,654,670,8.5,8.8,8.5,8.8,8.5,8,8.1
"Government College For Women, Thiruvananthapuram",Kerala,Science,654,670,8.2,9,6.8,8.8,9,7.1,8.6
"St Thomas' College, Thrissur",Kerala,Science,654,670,7.4,8,7,8.1,7,6.6,7.9
"St. Albert'S College, Ernakulam",Kerala,Science,654,670,7.1,7.9,6.4,7.7,7,6.5,6.9
St. Berchmans College,Kerala,Science,654,670,8.4,8.6,8.2,8.6,8.6,7.7,8.5
"St Teresa'S College (Autonomous), Ernakulam",Kerala,Science,654,670,8.4,8.9,7.4,9,8.2,7.7,9.3
"Mahatma Gandhi College, Trivandrum",Kerala,Science,654,670,8.1,8.7,7.5,8.6,8.8,5.9,8.9
"Government Arts College, Thiruvananthapuram",Kerala,Science,654,670,7.8,9.3,6.3,9,8,6.5,7.5
"Farook College, Kozhikode",Kerala,Science,654,670,8.1,8.7,8.1,8.5,8.5,5.8,9
"Newman College, Thodupuzha",Kerala,Science,654,670,7.2,8.4,5.1,7.8,8,6.6,7
T.K.M. College Of Arts And Science,Kerala,Science,654,670,8,8.1,7.5,8.1,8.3,7.5,8.6
"St Joseph'S College Devagiri, Calicut",Kerala,Science,654,670,8.4,8.8,7.7,8.7,8.7,7.4,9
"Fatima Mata National College, Kollam",Kerala,Science,654,670,8.2,8.7,6.3,8.7,9.3,6.9,9.3
"Christ College Irinjalakuda, Thrissur",Kerala,Science,654,670,8,8.3,7.7,8.2,8.4,7.2,8.3
"Mar Thoma College, Tiruvalla",Kerala,Science,654,670,7.2,7.6,6.7,8.3,7.4,5.2,7.7
"Nirmalagiri College, Kannur",Kerala,Science,654,670,8,9.3,7.3,8.1,9,6.7,7.8
National Institute Of Technology,Kerala,Science,654,670,8.1,8.4,7.9,7.7,8,8.1,8.2
Indian Institute Of Space Science And Technology,Kerala,Science,654,670,8.1,8.9,7.8,8.5,8.6,7.7,7.2
Mahatma Gandhi University,Kerala,Science,654,670,7.7,8,7.5,8,8,6.2,8.2
Calicut University,Kerala,Science,654,670,7,7.5,6.2,7.5,7.4,5.4,7.9
"Oriental School Of Hotel Management Lakkidi, Wayanad",Kerala,Science,654,670,7.5,8.3,7,7.6,7.1,8.1,6.7
"Bishop Vayalil Memorial Holy Cross College, Kottayam",Kerala,Science,654,670,7.6,8.3,6.6,9,7.7,7.3,6.7
"St. Mary'S College Sulthan Bathery, Sulthan Batheri",Kerala,Science,654,670,6.8,7.8,6.9,6.8,7.5,3.8,7.8
"Government College, Kasaragod",Kerala,Science,654,670,8.2,8.3,7.4,9.1,8.7,6.6,9
"Cochin University Of Science And Technology, School",Kerala,Science,654,670,8.3,8.5,7.8,8.3,8.2,8.2,8.7
Scms School Of Technology And Management,Kerala,Science,654,670,7.8,7.9,7.7,8.4,7.5,8.3,7.2
Kerala Veterinary And Animal Sciences University,Kerala,Science,654,670,8.1,8.7,7,8.4,8,8.2,8
Birla Institute Of Technology And Science,Rajasthan,Science,654,670,8.9,8.8,8.2,8.8,9,9,9.3
National Law University,Rajasthan,Science,654,670,8.4,8.8,8.1,7.5,8.6,8.8,8.5
College Of Veterinary And Animal Sciences,Rajasthan,Science,654,670,7.8,8.4,7.5,7.7,8.2,7.8,7.3
"Institute Of Hotel Management, Jodhpur, Jodhpur",Rajasthan,Science,654,670,8,8,7.6,8,8.2,8.1,8
"Banasthali Vidyapith, Jaipur",Rajasthan,Science,654,670,8.5,8.8,8.2,8.9,8.6,7.9,8.8
Indian Institute Of Technology,Rajasthan,Science,654,670,8.2,8,7.9,8.2,8.2,8,8.7
All India Institute Of Medical Sciences,Rajasthan,Science,654,670,8,8.3,7.9,8.4,8.8,7.7,7.1
Malaviya National Institute Of Technology,Rajasthan,Science,654,670,8.2,8.2,7.4,8,8.7,8.2,8.5
Madhav University,Rajasthan,Science,654,670,7.8,7.9,7.5,8.2,7.9,7.3,7.8
"St Xaviers College, Jaipur",Rajasthan,Science,654,670,7.6,8.2,7.1,8.3,7.8,6,8.4
"Dr Sn Medical College & Hospital, Jodhpur",Rajasthan,Science,654,670,7.9,8.1,6.8,8.5,8,7.8,7.9
Janardan Rai Nagar Rajasthan Vidyapeeth University,Rajasthan,Science,654,670,7.8,8.3,7.5,8.3,7.9,7.3,7.5
"Amity University, Jaipur",Rajasthan,Science,654,670,8,7.8,7.6,7.8,8.9,7.4,8.7
"Poddar Group Of Institutions, Jaipur",Rajasthan,Science,654,670,7.7,8.3,7.1,8.6,7.4,6.9,8
"Lucky Institute Of Professional Studies, Jodhpur",Rajasthan,Science,654,670,7.7,7.8,8,8.3,7.7,6,8.2
Jai Narain Vyas University,Rajasthan,Science,480,420,6.2,6.9,5.2,7.1,6.4,4.9,6.4
Mahatma Jyoti Rao Phoole University,Rajasthan,Science,654,670,6.8,6.9,6.2,7.4,7.7,6.4,6.4
"Lachoo Memorial College Science And Technology, Jodhpur",Rajasthan,Science,654,670,6.5,7.4,5.5,6.8,7.1,4.7,7.3
Birla Institute Of Technology,Rajasthan,Science,654,670,7.2,8.1,5.4,8.1,6.9,7.8,7.1
Career Point University,Rajasthan,Science,654,670,8.3,8.4,7.9,8.4,8.4,7.6,8.9
"Iihmr University, Jaipur",Rajasthan,Science,654,670,8.5,8.6,8.1,8.5,8.8,8.5,8.2
"Spc Education Center, Jaipur",Rajasthan,Science,654,670,10,8.2,7.4,8.2,8,7.5,8.1
College Of Veterinary And Animal Sciences,Rajasthan,Science,654,670,8.8,9,8,9,8.5,8.5,9.5
"St Wilfreds College For Girls, Jaipur",Rajasthan,Science,654,670,7.5,8.4,6.5,8.3,7.4,6.7,7.5
Mewar University,Rajasthan,Science,654,670,8,7.9,7.1,8.1,8.8,7.3,8.6
"Jaipur National University, School Of Business &",Rajasthan,Science,654,670,8.1,8.4,8,9,7.4,7.6,8.3
"Swami Keshwanand Rajasthan Agricultural University, Bikaner",Rajasthan,Science,654,670,8.1,8.4,7.6,8.5,7.6,7.7,8.5
"Alankar P.G. Girls College, Jaipur",Rajasthan,Science,654,670,9,9,9,9,9,9,9
University Of Rajasthan,Rajasthan,Science,654,670,7.6,8.1,7.1,8.1,7.9,6.5,7.8
Mehr Chand Mahajan Dayanand Anglo Vedic College,Haryana,Science,654,670,8.2,8.4,8,8.5,8.2,7.6,8.4
"Post Graduate Government College, Chandigarh",Haryana,Science,654,670,7.7,8.4,7.2,8.4,7.5,6.5,7.9
"Government Home Science College, Chandigarh",Haryana,Science,654,670,9.1,8.7,9.3,9.3,8.7,8.7,9.7
Goswami Ganesh Dutt Sanatan Dharama College,Haryana,Science,654,670,8.1,8.6,7.6,8.5,8.1,7.1,8.8
Post Graduate Institute Of Medical Education &,Haryana,Science,654,670,8,8.3,6.8,8.8,8.2,8,8
Panjab University,Haryana,Science,654,670,7.7,8.2,7.7,8,7.7,6.5,8.2
National Dairy Research Institute,Haryana,Science,654,670,9,8.8,8.7,9.1,9.4,9.1,8.9
Maharshi Dayanand University,Haryana,Science,654,670,7.8,8,7.7,8,8.4,6.6,8
Government Medical College And Hospital,Haryana,Science,654,670,7.9,8.7,7,8.5,8.2,6.9,8.3
National Institute Of Technology,Haryana,Science,654,670,8.2,8,7.4,8.1,8.2,8.6,8.6
Pt Bhagwat Dayal Sharma Post Graduate Institute,Haryana,Science,654,670,7.5,8.4,7.5,8.1,7.5,7.6,6.1
Chandigarh University,Haryana,Science,654,670,8.6,8.6,8.2,8.4,9,8.6,8.8
"Chitkara School Of Hospitality -[Csh], Chandigarh",Haryana,Science,654,670,8.4,8.7,7,9,8.3,8.7,8.5
"University Institute Of Tourism And Hospitality Management,",Haryana,Science,654,670,9.6,9.8,9.4,9.8,9.6,9.6,9.6
Punjab Engineering College University Of Technology,Haryana,Science,654,670,8,7.9,7.3,7.6,7.7,8.4,9
Apeejay Stya University,Haryana,Science,654,670,7.9,8.2,7.5,7.9,7.5,7.7,8.3
"University School Of Business, Chandigarh University",Haryana,Science,654,670,9.1,9.1,8.8,9.1,9.2,9.3,8.9
Kurukshetra University,Haryana,Science,654,670,7.5,8.1,7,8,7.7,6.5,7.7
"Arya Post Graduate College, Panipat",Haryana,Science,654,670,7.8,8.4,6.8,8.8,8,6.3,8.6
National Institute Of Food Technology Entrepreneurship And,Haryana,Science,654,670,8.1,8.5,7.1,6.9,9.4,8.5,7.9
Guru Jambheshwar University Of Science And Technology,Haryana,Science,654,670,7.7,7.7,7.3,7.5,8.9,6.5,8
"J.C. Bose University Of Science And Technology,",Haryana,Science,654,670,7.3,7.7,6.5,7.4,6.6,7.7,7.6
Maharishi Markandeshwar,Haryana,Science,654,670,7.5,7.6,7.2,7.7,8.3,6.8,7.6
Dav College,Haryana,Science,654,670,8,8.4,7.4,8.3,8,6.8,8.8
"Morph Academy, Chandigarh",Haryana,Science,654,670,8.3,9,6,9,8.5,8.5,9
Manav Rachna International Institute Of Research And,Haryana,Science,654,670,7.2,7.1,6.7,6.5,8.4,6.5,7.8
"Srm University Delhi Ncr, Sonepat",Haryana,Science,654,670,7.8,8,7.5,7.9,8.1,7.6,7.9
"Ashoka University, Sonepat",Haryana,Science,654,670,8.6,8.6,8.6,8.9,8.7,8.3,8.5
Mm Institute Of Hotel Management And Catering,Haryana,Science,654,670,7.9,8.2,7.4,8.2,8,7.5,8.1
"Gurugram University, Gurgaon",Haryana,Science,654,670,8.2,8.6,7.4,8.4,8.6,8,8.1
Pd Patel Institute Of Applied Sciences,Gujarat,Science,654,670,8.3,8,7,9,8,7.5,8.1
"St Xavier'S College, Ahmedabad",Gujarat,Science,654,670,8.1,8.4,7.4,8.6,8.3,7.3,8.7
Indian Institute Of Technology,Gujarat,Science,654,670,8.4,8.3,8.4,8.8,9.1,7.2,8.8
National Institute Of Pharmaceutical Education And Research,Gujarat,Science,654,670,7.5,7.7,6.7,7.7,8,7.3,7.8
"Gls Institute Of Computer Application, Ahmedabad",Gujarat,Science,654,670,8.1,8.5,7.4,8.4,8.4,7.7,8
"Institute Of Pharmacy, Nirma University, Ahmedabad",Gujarat,Science,654,670,8.4,8.8,7.8,8.3,9,7.7,8.5
B. J. Medical College,Gujarat,Science,654,670,8.6,9,8.3,8.5,8.1,9.3,8.3
Maharaja Sayajirao University Of Baroda,Gujarat,Science,654,670,7.9,8.3,7,8.4,8,7.2,8.4
Sardar Vallabhbhai National Institute Of Technology,Gujarat,Science,654,670,8,7.9,7.8,7.6,8.2,7.9,8.4
"Smt. Nhl Municipal Medical College, Ahmedabad",Gujarat,Science,654,670,7.7,8.4,7.4,8.2,6.3,8.4,7.4
"Junagadh Agricultural University, Junagadh",Gujarat,Science,654,670,7.9,8,7.9,7.7,8.2,6.9,8.6
Pramukhswami Medical College,Gujarat,Science,654,670,8,8.7,6.2,8.8,8.3,8,8
Smt. B.K. Shah Medical Institute And Research,Gujarat,Science,654,670,7.1,7.7,6,7.8,5.7,7.8,7.7
Lj Institute Of Computer Application,Gujarat,Science,654,670,7,8,5.3,7.7,7.3,6.7,7
Swami Vivekanand College Of Computer Science,Gujarat,Science,654,670,7.9,8.2,7.4,8.2,8,7.5,8.1
Dr Babasaheb Ambedkar Open University,Gujarat,Science,654,670,7.7,8.5,5.5,8.5,8,7.5,8.1
"Christ College, Rajkot",Gujarat,Science,654,670,8.2,8.6,7.4,9.2,9,6.6,8.2
"Ahmedabad University, Ahmedabad",Gujarat,Science,654,670,8.6,9,7.6,8.9,9.2,8,9
Navrachana University,Gujarat,Science,654,670,7.7,7.7,7.4,8.2,8,7.2,7.8
Dhirubhai Ambani Institute Of Information And Communication,Gujarat,Science,654,670,8.7,8.8,8,8.4,8.7,9.2,8.8
Lm College Of Pharmacy,Gujarat,Science,654,670,7.4,8,6.4,8.2,7.2,7.2,7.2
"Faculty Of Technology And Engineering, Maharaja Sayajirao",Gujarat,Science,654,670,8.1,8.4,6.6,8.5,8,8.3,8.8
Anand Agricultural University,Gujarat,Science,654,670,8.3,9,7.8,8.4,9.1,7.7,7.9
Sardar Patel University,Gujarat,Science,654,670,7.8,8.6,7,8.5,7.7,7.3,7.8
Sardarkrushinagar Dantiwada Agricultural University,Gujarat,Science,654,670,8.3,8.3,8.3,8.6,8.1,8.1,8.5
Gujarat Arts And Science College,Gujarat,Science,654,670,7.5,8.3,6.4,7.4,8.6,6.1,7.9
"Navsari Agricultural University, Navsari",Gujarat,Science,654,670,8,8.3,7.4,8.4,7.8,7.8,8.2
Times Business School,Gujarat,Science,654,670,8.1,8,7,8.5,8,8,9
"Cu Shah Science College, Ahmedabad",Gujarat,Science,654,670,7,8.3,5.4,8.5,6.5,6.8,6.5
Nirma University,Gujarat,Science,654,670,8.4,8.6,8,8.4,9.1,8.1,8.2
Mehr Chand Mahajan Dayanand Anglo Vedic College,Punjab,Science,654,670,8.2,8.4,8,8.5,8.2,7.6,8.4
"Post Graduate Government College, Chandigarh",Punjab,Science,654,670,7.7,8.4,7.2,8.4,7.5,6.5,7.9
"Government Home Science College, Chandigarh",Punjab,Science,654,670,9.1,8.7,9.3,9.3,8.7,8.7,9.7
Goswami Ganesh Dutt Sanatan Dharama College,Punjab,Science,654,670,8.1,8.6,7.6,8.5,8.1,7.1,8.8
Post Graduate Institute Of Medical Education &,Punjab,Science,654,670,8,8.3,6.8,8.8,8.2,8,8
Panjab University,Punjab,Science,654,670,7.7,8.2,7.7,8,7.7,6.5,8.2
National Institute Of Pharmaceutical Education And Research,Punjab,Science,654,670,9.2,9.1,9.4,9.1,9.9,8.5,9.4
Punjab Agricultural University,Punjab,Science,654,670,7.8,8.5,7.5,8.1,8.5,6,8.1
Thapar Institute Of Engineering And Technology,Punjab,Science,654,670,8.3,8,8.1,7.7,8.9,8.2,8.8
Indian Institute Of Technology,Punjab,Science,654,670,8.5,8.5,8.1,8.2,9.1,8.4,8.9
Government Medical College And Hospital,Punjab,Science,654,670,7.9,8.7,7,8.5,8.2,6.9,8.3
Kamla Nehru College For Women,Punjab,Science,654,670,7.9,8.5,8,8.2,8.3,5.8,8.8
"Government Medical College / Rajindra Hospital-[Gmcp], Patiala",Punjab,Science,654,670,7.5,7.3,7.3,8.3,6.5,7.8,7.5
Chandigarh University,Punjab,Science,654,670,8.6,8.6,8.2,8.4,9,8.6,8.8
"Chitkara School Of Hospitality -[Csh], Chandigarh",Punjab,Science,654,670,8.4,8.7,7,9,8.3,8.7,8.5
"University Institute Of Tourism And Hospitality Management,",Punjab,Science,654,670,9.6,9.8,9.4,9.8,9.6,9.6,9.6
Punjab Engineering College University Of Technology,Punjab,Science,654,670,8,7.9,7.3,7.6,7.7,8.4,9
Northern India Institute Of Fashion Technology,Punjab,Science,654,670,7.6,7.2,7.3,8.1,7.5,7.8,7.9
"University School Of Business, Chandigarh University",Punjab,Science,654,670,9.1,9.1,8.8,9.1,9.2,9.3,8.9
"Ludhiana College Of Engineering And Technology, Ludhiana",Punjab,Science,654,670,6.7,7,6.8,7.5,6.8,5.1,7.2
Punjab Institute Of Management And Technology,Punjab,Science,654,670,8.9,9.4,8.4,9.4,8.8,8.6,8.6
I.K. Gujral Punjab Technical University,Punjab,Science,654,670,8.1,8,7.4,8.7,8.3,7.7,8.7
"Khalsa College, Amritsar",Punjab,Science,654,670,7.9,8.3,7.7,7.9,8.3,6.5,8.4
"Bbk Dav College For Women, Amritsar",Punjab,Science,654,670,8.8,9,8.5,9.5,8.2,7.8,9.5
"Oxl School Of Multimedia, Jalandhar",Punjab,Science,654,670,7.9,8.2,7.4,8.2,8,7.5,8.1
Dr Br Ambedkar National Institute Of Technology,Punjab,Science,654,670,7.9,8,7.7,7.6,8,8,8.3
"Doaba College, Jalandhar",Punjab,Science,654,670,8.7,9.1,8.4,9.4,8.6,8.1,8.5
Sant Longowal Institute Of Engineering And Technology,Punjab,Science,654,670,7.6,7.7,7.1,7.5,8.4,6.5,8.1
Dav College,Punjab,Science,654,670,8,8.4,7.4,8.3,8,6.8,8.8
St. Xavier'S College,West Bengal,Science,654,670,8.3,8.8,7.4,8.4,8.6,7.8,8.8
Ramakrishna Mission Vivekananda Centenary College Rahara,West Bengal,Science,654,670,8,9.3,6.9,8.9,8.5,6.4,7.7
"Ramakrishna Mission Vidyamandira, Howrah",West Bengal,Science,654,670,8.8,9.3,8.6,9.4,8.9,7.8,8.6
Ramakrishna Mission Residential College,West Bengal,Science,654,670,8.3,8.9,8.1,9,8.4,6.7,8.4
Lady Brabourne College,West Bengal,Science,654,670,7.6,8.9,7,8.3,7.9,6.3,7
"Bethune College, Kolkata",West Bengal,Science,654,670,8,9.1,7.3,8.8,7.9,6.8,8.1
"Scottish Church College, Kolkata",West Bengal,Science,654,670,7.8,8.3,7.8,8.3,8.1,6.3,8.2
"Loreto College, Kolkata",West Bengal,Science,654,670,8.3,9.3,6.8,9.3,8.1,7.6,8.6
Indian Institute Of Technology,West Bengal,Science,654,670,8.5,8.8,7.2,8.2,8.9,8.8,9
Jadavpur University,West Bengal,Science,654,670,8.4,9,7.6,8.5,8.1,8.4,9
Indian Institute Of Engineering Science And Technology,West Bengal,Science,654,670,8,8.3,7.7,7.9,7.9,7.5,8.4
"University Of Calcutta, Kolkata",West Bengal,Science,654,670,7.7,8.6,6.9,8.5,7.7,6.5,7.7
"Presidency University, Kolkata",West Bengal,Science,654,670,8.1,8.8,7.3,8.6,8.8,6.5,8.3
"Nshm Knowledge Campus, Durgapur",West Bengal,Science,654,670,8.3,8.5,8.1,8.6,8.6,7.7,8.5
National Institute Of Technology,West Bengal,Science,654,670,7.7,8,6.8,7.8,7.5,7.8,8.4
Institute Of Post Graduate Medical Education And,West Bengal,Science,654,670,8,8.7,7.4,7.9,8.3,8.5,7.2
Guru Nanak Institute Of Hotel Management,West Bengal,Science,654,670,8,8.3,7.3,8,8.2,8.4,7.9
"Nshm Knowledge Campus, Kolkata",West Bengal,Science,654,670,7.8,8,6.8,8.1,8.2,7.7,8
Jd Birla Institute,West Bengal,Science,654,670,7.6,8.3,6.1,8.1,7.7,7.6,8
"Annex College, Kolkata",West Bengal,Science,654,670,7.9,7.7,8.3,8.3,7.8,7.5,8
Institute Of Management Study,West Bengal,Science,654,670,7.3,7.8,6.4,7.7,7.6,7.3,6.8
"George Group Of Colleges, Kolkata",West Bengal,Science,654,670,7.8,8.7,6.4,8.6,8,7.5,7.5
Indian Institute Of Social Welfare And Business,West Bengal,Science,654,670,7.7,8.6,6.5,8.3,6.9,8,8
"Gokhale Memorial Girls' College, Kolkata",West Bengal,Science,654,670,7.8,8.8,7.2,8.8,7.1,7.2,7.9
"Nimas, Kolkata",West Bengal,Science,654,670,8.8,9.7,9,8.6,9.5,7.4,8.4
Institute Of Engineering And Management,West Bengal,Science,654,670,7.5,8.2,6.5,8,6.7,8.4,7.2
Eastern Institute For Integrated Learning In Management,West Bengal,Science,654,670,7.5,7.6,6.6,7.5,7.4,8.1,7.6
"Kd College Of Commerce & General Studies,",West Bengal,Science,654,670,7.3,8.8,7.8,6.4,8.2,5.3,7
Uttar Banga Krishi Vishwavidyalaya,West Bengal,Science,654,670,7.3,7.9,6.6,8,7.3,5.5,8.2
"Asutosh College, Kolkata",West Bengal,Science,654,670,7.5,8.3,6.5,8.4,7.7,5.6,8.5
National Institute Of Technology,Orissa,Science,654,670,8.4,8.3,7.9,7.8,9.1,8.2,8.9
Indian Institute Of Technology,Orissa,Science,654,670,7.8,8.1,8,8,7.8,7.8,7.2
Siksha 'O' Anusandhan University,Orissa,Science,654,670,8.3,8.6,7.6,8.3,8.7,8,8.5
Institute Of Technical Education And Research,Orissa,Science,654,670,8.2,8.4,7.4,8.2,8.6,8.3,8
Kalinga Institute Of Industrial Technology,Orissa,Science,654,670,8.6,8.4,8.1,8.2,9.2,8.6,9
Xavier University,Orissa,Science,654,670,8.2,8.7,7.8,8.4,9.2,6.8,8.4
"C. V. Raman Global University, Bhubaneswar",Orissa,Science,654,670,7.6,7.9,7,7.5,8.2,7.5,7.6
Veer Surendra Sai University Of Technology,Orissa,Science,654,670,7.9,8.2,7.7,7.9,7.4,7.7,8.4
Central Institute Of Freshwater Aquaculture,Orissa,Science,654,670,7.9,8.2,7.4,8.2,8,7.5,8.1
Bjb Autonomous College,Orissa,Science,654,670,7.4,8.3,6.8,7.9,7.4,5.9,7.9
Orissa University Of Agriculture And Technology,Orissa,Science,654,670,7.5,8.1,7.6,8.1,7.1,6,8.3
Regional Institute Of Education,Orissa,Science,654,670,8.3,8.5,8,8.2,8,8.3,8.9
Biju Pattnaik College Of Science & Education,Orissa,Science,654,670,8,8.5,6.9,8.6,8,7.5,8.4
"Rama Devi Women'S University, Bhubaneswar",Orissa,Science,654,670,7.9,8.5,7.3,8.7,8.3,6,8.7
Directorate Of Research On Woman In Agriculture,Orissa,Science,654,670,7.9,8.2,7.4,8.2,8,7.5,8.1
"Maharishi College Of Natural Law, Bhubaneswar",Orissa,Science,654,670,7.5,8.6,6.4,8.8,7.8,4.7,8.9
Biju Patnaik University Of Technology,Orissa,Science,654,670,6.2,6.1,6.7,6.4,6.8,4.8,6.1
Sri Sri University,Orissa,Science,654,670,7.1,7.3,6.7,7,7.3,6.3,8.2
"Khallikote University -[Kub], Berhampur",Orissa,Science,654,670,8.6,8.6,8.1,8.7,9,8.2,8.7
"D.R. Nayapalli College, Bhubaneswar",Orissa,Science,654,670,8.3,7.8,8.5,9,7.5,7.5,9.3
Satwik Institute Of Professional Studies,Orissa,Science,654,670,7.9,8.2,7.4,8.2,8,7.5,8.1
Birla Global University,Orissa,Science,654,670,8.3,8.8,8.1,7.8,8.8,8.1,8.4
Centurion University Of Technology And Management,Orissa,Science,654,670,8.1,8.3,7.6,8.5,8.4,7.4,8.5
International Institute Of Information Technology,Orissa,Science,654,670,7.7,8,6.9,7.6,7.8,7.7,8.2
Attitude Business School,Orissa,Science,654,670,7.9,8.2,7.4,8.2,8,7.5,8.1
"Indira Gandhi Institute Of Technology- [Igit], Dhenkanal",Orissa,Science,654,670,7.8,8,8.3,7.9,7.7,6.7,8.4
Silicon Institute Of Technology,Orissa,Science,654,670,7.7,8.5,7,8.1,7.3,7.7,7.5
National Institute Of Science And Technology,Orissa,Science,654,670,7.9,8.2,7.1,8.1,8.1,7.8,7.9
College Of Engineering And Technology,Orissa,Science,654,670,7.7,8,7.6,7.6,7.1,7.9,8.1
Indian Institute Of Technology,Uttarakhand,Science,654,670,8.4,8.5,7.6,7.9,9,8.6,8.9
Govind Ballabh Pant University Of Agriculture And,Uttarakhand,Science,654,670,7.3,8,7.6,7.4,7.7,6,6.8
Greenway Institute Of Management Studies,Uttarakhand,Science,654,670,6.1,7,5.5,6.5,6.5,4,7
"Graphic Era University, School Of Engineering And",Uttarakhand,Science,654,670,8.2,8.3,7.7,8,8.6,8.8,8
Doon Business School,Uttarakhand,Science,654,670,7.6,8,7,8.1,7.4,7.4,7.7
"College Of Technology, Gb Pant University Of",Uttarakhand,Science,654,670,7,7.1,6.7,6.9,7.3,6,7.7
University Of Petroleum And Energy Studies,Uttarakhand,Science,654,670,8.1,8.1,7.8,7.9,8.6,7.7,8.2
"Institute Of Media Management , Technology &",Uttarakhand,Science,654,670,7.9,8.2,7.4,8.2,8,7.5,8.1
"Bishamber Sahai Degree College, Roorkee",Uttarakhand,Science,654,670,7.9,8.2,7.4,8.2,8,7.5,8.1
Dolphin Pg Institute Of Biomedical & Natural,Uttarakhand,Science,654,670,7.7,8.4,6.5,7.9,7.8,6.7,8.6
Forest Research Institute,Uttarakhand,Science,654,670,7.7,8,8,8,7.7,6.8,7.7
Wildlife Institute Of India,Uttarakhand,Science,654,670,9.1,9.5,9.3,9.1,9,8.6,9.2
"Doon University, Dehradun",Uttarakhand,Science,654,670,7.2,7.3,7,7.3,7.9,6.3,7.6
Doon Post Graduate College Of Agriculture Science,Uttarakhand,Science,654,670,6.7,7.5,6.4,7.6,7,4.9,6.8
Dit University,Uttarakhand,Science,654,670,7.8,7.9,7.6,7.6,8.4,7.4,8
"Patanjali University, Haridwar",Uttarakhand,Science,654,670,8.2,8.4,8.3,8.4,8.4,7.8,8.1
"Motherhood University, Roorkee",Uttarakhand,Science,654,670,8,8.3,7.9,7.6,8,8,8.3
"Uttaranchal University, Dehradun",Uttarakhand,Science,654,670,7.5,7.8,6.8,7.7,8.6,6.5,7.5
Graphic Era University,Uttarakhand,Science,654,670,8.3,8.2,7.9,8.4,8.6,8.1,8.4
Swami Rama Himalayan University,Uttarakhand,Science,654,670,7,7.1,6.6,6.9,7.4,7.1,6.7
Graphic Era Hill University,Uttarakhand,Science,654,670,8.1,7.9,7.8,8.1,8.4,7.7,8.4
Shri Guru Ram Rai University,Uttarakhand,Science,654,670,7.6,7.8,7.1,7.9,7.9,7.3,7.7
"Icfai University, Dehradun",Uttarakhand,Science,654,670,7.8,8.2,7.5,8.2,7.4,7.3,7.9
Himgiri Zee University,Uttarakhand,Science,654,670,7.9,8.5,5.5,9,8,7.7,8.8
Upes Centre For Continuing Education,Uttarakhand,Science,654,670,7.9,8.7,8,8,8,7.3,7.3
Roorkee Institute Of Technology,Uttarakhand,Science,654,670,8.5,8.5,8.5,8.6,8.7,8.4,8.5
Roorkee College Of Engineering,Uttarakhand,Science,654,670,9.4,9.3,9.2,9.4,9.4,9.3,9.5
Indian Institute Of Aeronautical Engineering,Uttarakhand,Science,654,670,8.3,7.5,8.5,8.5,9,8,8
Indian Institute Of Technology,Assam,Science,654,670,8.6,8.6,8.2,8.1,9.1,8.4,8.9
National Institute Of Technology,Assam,Science,654,670,8.1,8.1,7.6,7.7,8.3,8.2,8.7
"Dibrugarh University, Dibrugarh",Assam,Science,654,670,7.8,7.9,7.7,8,8.4,6.5,8.2
Tezpur University,Assam,Science,654,670,8,8.2,8,7.9,8.8,6.7,8.5
Royal Global University,Assam,Science,654,670,7.6,7.8,6.6,8,9,6.5,7.7
"Mangaldai Law College, Marigaon",Assam,Science,654,670,7.9,8.2,7.4,8.2,8,7.5,8.1
Dibrugarh Hanumanbux Surajmal Kanoi College,Assam,Science,654,670,8,8.6,7.5,8.8,9.2,5.3,8.5
"Guwahati College, Guwahati",Assam,Science,654,670,6.8,7.1,5.8,7.8,6.6,5.9,7.3
Arya Vidyapeeth College,Assam,Science,654,670,7.1,7.7,6.5,8.7,7,5,7.4
"B. Borooah College, Guwahati",Assam,Science,654,670,7.6,8.2,7.3,8.6,7.5,5.8,8.2
"Handique Girls College, Guwahati",Assam,Science,654,670,7.8,8.7,7,8.5,8.2,6.2,8.1
Assam Don Bosco University,Assam,Science,654,670,7.8,8.3,7.8,8.1,8.8,6.4,7.3
Gauhati University,Assam,Science,654,670,8.2,8.4,7.5,8.7,8.4,7.2,8.7
Indian Institute Of Information Technology,Assam,Science,654,670,7.6,8.6,7,7.9,7.9,7.5,6.5
Assam Down Town University,Assam,Science,654,670,8.2,8.4,7.6,8.4,8.2,7.8,8.6
Central Institute Of Technology,Assam,Science,654,670,7,7.4,5.5,7.7,8.2,5.3,8
Nerim Group Of Institutions,Assam,Science,654,670,7.1,7.7,6.1,7.5,7.8,6.9,6.6
Assam Agricultural University,Assam,Science,654,670,8.1,8.3,7.6,8.3,8.5,7.6,8.2
Assam Science And Technology University,Assam,Science,654,670,7.8,7.9,7.6,8,7.7,7.6,7.9
Asian Institute Of Management And Technology,Assam,Science,654,670,8.2,7.5,8,8.5,8.5,8.1,8.3
"Girijananda Chowdhury Institute Of Management & Technology,",Assam,Science,654,670,7.3,8,6.2,8.3,6.7,6.4,8
"Lalit Chandra Bharali College, Guwahati",Assam,Science,654,670,7.1,7.5,6.8,7.8,8.3,5.2,6.8
"Pragjyotish College, Guwahati",Assam,Science,654,670,6.5,7.3,5.8,7.6,7.3,4.3,6.9
Jorhat Institute Of Science And Technology,Assam,Science,654,670,6.4,7.6,6.3,7.2,5.5,5.2,6.4
Assam Rajiv Gandhi University Of Cooperative Management,Assam,Science,654,670,8.4,9,7.5,9,8.5,8,8.5
Scholar'S Institute Of Technology And Management,Assam,Science,654,670,5.5,7,4.5,7.5,8,3,3
Anandaram Dhekial Phookan College,Assam,Science,654,670,8.2,9,7.2,8.8,9.2,6.2,8.6
Baosi Banikanta Kakati College,Assam,Science,654,670,8.7,9,9,8.2,8,7.5,8.1
"Bh College, Barpeta",Assam,Science,654,670,7.2,7.7,6.6,8.4,7.9,4.4,7.9
"Bimala Prasad Chaliha College, Kamrup",Assam,Science,654,670,7.9,8.2,7.4,8.2,8,7.5,8.1
Indian Institute Of Technology,Bihar,Science,654,670,8,8.4,7.1,8.1,8.2,7.9,8.2
"Dr. Rajendra Prasad Central Agricultural University, Samastipur",Bihar,Science,654,670,7.1,7.5,7.1,7.6,7.6,6.3,6.4
Indira Gandhi Institute Of Medical Sciences,Bihar,Science,654,670,8.7,8.8,8.6,8.3,8.7,9.3,8.3
"Gaya College, Gaya",Bihar,Science,654,670,7.1,7.8,6,7.8,7.7,5.6,7.8
Ram Krishna Dwarika College,Bihar,Science,654,670,6.9,7.8,6.1,7.7,7,5.1,7.6
"T.N.B. College, Bhagalpur",Bihar,Science,654,670,6.9,7.6,6.5,8.1,7,4.2,7.9
"Magadh Mahila College, Patna",Bihar,Science,654,670,7.8,8.5,7.3,9,8,6.1,7.8
National Institute Of Technology,Bihar,Science,654,670,7.7,7.9,6.9,7.9,7.3,8,8
Tilka Manjhi Bhagalpur University,Bihar,Science,654,670,7.5,7.7,6.8,8.1,7.6,6.4,8.1
Anugrah Narayan College,Bihar,Science,654,670,6.8,7.5,5.4,7.5,7.7,5.5,7.4
Bihar Agricultural University,Bihar,Science,654,670,8.3,8.5,7.8,8.6,8.4,8.2,8.4
"Maltidhari College, Patna",Bihar,Science,654,670,8.3,9,9,7,8,7,8.1
Magadh University,Bihar,Science,654,670,6,7.1,5,6.9,6.4,4.7,5.8
Patna Women'S College,Bihar,Science,654,670,7.8,8.3,7.3,8.2,8.6,6.2,8.1
"Tirhut College Of Agriculture, Muzaffarpur",Bihar,Science,654,670,5.6,7,6,5.7,4.7,5.7,4.3
Ram Lakhan Singh Yadav College,Bihar,Science,654,670,7.9,8.2,7.4,8.2,8,7.5,8.1
Aryabhatta Knowledge University,Bihar,Science,654,670,8,8.7,7.1,8.1,8.3,7.6,8.1
"College Of Commerce, Arts & Science, Patna",Bihar,Science,654,670,6.9,7.9,4.7,8.1,7.6,5.6,7.3
Patna University,Bihar,Science,654,670,7,7.6,6.2,8.2,7.3,5.1,7.4
Birla Institute Of Technology,Bihar,Science,654,670,7.2,7.3,8,6.5,7.4,6.7,7.2
Catalyst Institute Of Management And Advance Global,Bihar,Science,654,670,8.3,8.8,7.7,8.8,8.2,8.7,7.7
Gopal Narayan Singh University,Bihar,Science,654,670,8.5,8.6,8.6,8.2,8.9,8.1,8.4
Indian Institute Of Business Management,Bihar,Science,654,670,5.8,7,4.7,6,5.7,6.3,5.3
Nalanda Open University,Bihar,Science,654,670,7.3,9,5.8,8.3,7.2,5.4,7.8
Muzaffarpur Institute Of Technology,Bihar,Science,654,670,7.1,7.3,6.8,7.6,7.2,6.2,7.4
"Bihar National College, Patna",Bihar,Science,654,670,6.3,7.7,5.6,7.6,5.8,4.3,6.9
"Al-Karim University, Katihar",Bihar,Science,654,670,7.9,8.2,7.4,8.2,8,7.5,8.1
Anugrah Memorial College,Bihar,Science,654,670,6.4,7.3,4,9,8,4.3,5.7
Anugrah Narayan Singh College,Bihar,Science,654,670,5.8,5,5,6,7.5,5,6
National Institute Of Technology,Chhattisgarh,Science,654,670,7.4,7.8,6.4,7.5,7,7.7,8.1
Dr. C.V. Raman University,Chhattisgarh,Science,654,670,7,6.9,6.2,7.4,7.5,6.7,7.3
Government Jamuna Prasad Verma Post Graduate Arts,Chhattisgarh,Science,654,670,5.3,6,3,8,5,3,7
Indira Gandhi Krishi Vishwavidyalaya,Chhattisgarh,Science,654,670,7.5,7.6,7.3,8.3,7.1,6.8,7.6
Pt. Ravishankar Shukla University,Chhattisgarh,Science,654,670,6.1,7,4.8,6.8,6.8,4.1,6.8
"Rmd College Of Agriculture And Research Station,",Chhattisgarh,Science,654,670,7.9,8.2,7.4,8.2,8,7.5,8.1
"Kushabhau Thakre Patrakarita Avam Jansanchar Vishwavidyalaya, Raipur",Chhattisgarh,Science,654,670,7,7.3,7,7,7,6.3,7.3
Chhattisgarh Kamdhenu Vishwavidyalaya,Chhattisgarh,Science,654,670,6.8,7,6.5,7,7,6,7
"Mats University, Raipur",Chhattisgarh,Science,654,670,7.4,7.4,7,7.8,7.4,7.2,7.4
Indian Institute Of Technology,Chhattisgarh,Science,654,670,7.7,8.1,6.6,7.8,7,7.6,8.8
"Government Mahaprabhu Vallabhacharya Post Graduate College, Mahasamund",Chhattisgarh,Science,654,670,7.9,8.2,7.4,8.2,8,7.5,8.1
"Amity University, Raipur",Chhattisgarh,Science,654,670,7.8,7.8,8.3,8,8,6.3,8.2
International Institute Of Information Technology,Chhattisgarh,Science,654,670,8.2,8.1,8.6,7.6,8.7,7.6,8.6
"Itm University, Raipur",Chhattisgarh,Science,654,670,7.4,8,6.4,7,8.3,7.2,7.6
Bhilai Institute Of Technology,Chhattisgarh,Science,654,670,7.3,7.7,6.7,7.6,7.7,6.4,7.5
Op Jindal University,Chhattisgarh,Science,654,670,8.9,9.1,8.3,9,9.5,8.4,9
"Icfai University, Raipur",Chhattisgarh,Science,654,670,8.6,8.6,8.4,8.8,8.8,8.6,8.4
Raipur Institute Of Technology,Chhattisgarh,Science,654,670,8,8.6,7.4,7.5,8.5,8,7.7
Shri Shankaracharya Institute Of Professional Management And,Chhattisgarh,Science,654,670,8,8.3,7.7,8.6,7.8,7.7,7.9
Shri Rawatpura Sarkar University,Chhattisgarh,Science,654,670,8.5,9,8,8.5,8.5,8.5,8.5
Maharishi University Of Management And Technology Bilaspur,Chhattisgarh,Science,654,670,6.4,7.5,7,6,7.5,5.3,5
Aaft University Of Media And Arts,Chhattisgarh,Science,654,670,7.9,8.2,7.4,8.2,8,7.5,8.1
Chouksey Engineering College,Chhattisgarh,Science,654,670,8,8.2,8.3,8.1,8,7,8.5
Disha Institute Of Management And Technology,Chhattisgarh,Science,654,670,8.1,8,8.8,7.9,9.7,6.3,8
Rungta College Of Engineering And Technology,Chhattisgarh,Science,654,670,7.7,8.2,7.3,7.7,8.2,8.2,6.7
"Rungta Group Of Institutions Bhilai Campus, Bhilai",Chhattisgarh,Science,654,670,8.6,9.1,8.7,7.9,9.2,9.1,7.6
Kruti Institute Of Technology And Engineering,Chhattisgarh,Science,654,670,7.9,8.3,7.7,8.3,9.5,6.5,7.3
"Isbm University, Raipur",Chhattisgarh,Science,654,670,7.9,8.2,7.4,8.2,8,7.5,8.1
Rungta College Of Science And Technology,Chhattisgarh,Science,654,670,7.8,7.6,7.6,7.8,8.2,7.6,7.7
"Rungta Group Of Institutions Raipur Campus, Raipur",Chhattisgarh,Science,654,670,8.7,9,8,8,9,9,9
Indian Institute Of Technology,Jharkhand,Science,654,670,8.3,8.6,7.8,7.8,8.5,8.3,8.6
Birla Institute Of Technology,Jharkhand,Science,654,670,8.1,8.3,7.6,7.9,8.3,8.1,8.4
Birsa Agricultural University,Jharkhand,Science,654,670,7.3,7.6,8.3,7.2,7.6,5,8.3
National Institute Of Technology,Jharkhand,Science,654,670,7.8,7.4,8.2,7.2,6.9,8.6,8.5
"Ranchi University, Ranchi",Jharkhand,Science,654,670,7.5,7.9,6.8,8,8.3,6.2,7.8
St. Xavier'S College,Jharkhand,Science,654,670,8,8.5,7.5,8.3,8.4,6.9,8.2
Central University Of Jharkhand,Jharkhand,Science,654,670,7.5,8.3,7.5,8.5,7.2,5.3,8.1
Central Institute Of Psychiatry,Jharkhand,Science,654,670,6.3,8.2,7.4,7,8,4.5,7.5
Ybn University,Jharkhand,Science,654,670,8.2,8.5,7.5,8.5,8,8.3,8.4
"Ranchi Women'S College, Ranchi",Jharkhand,Science,654,670,7.4,8,7,8.1,7.1,6.9,7.5
"Rkdf University, Ranchi",Jharkhand,Science,654,670,7.9,8.2,7.4,8.2,8,7.5,8.1
Jharkhand Rai University,Jharkhand,Science,654,670,7.7,8,7.5,8.8,7.3,6.9,7.8
"Nirmala College, Ranchi",Jharkhand,Science,654,670,8.5,9.2,8.1,8.9,8.7,7.3,8.8
Nilamber Pitamber University,Jharkhand,Science,654,670,8.5,9,7.7,8.6,8.7,8.3,8.6
Netaji Subhas University,Jharkhand,Science,654,670,9,9.5,9.4,8.7,9.2,8.5,8.7
"Sai Nath University, Ranchi",Jharkhand,Science,654,670,6.8,7.4,6.7,6.8,6.9,6.9,6.3
Radha Govind University,Jharkhand,Science,654,670,8.6,8.9,8,8.7,8.9,8.4,8.5
"Arka Jain University, Jamshedpur",Jharkhand,Science,654,670,8.1,8.1,7.7,8.1,8,7.5,9
"Amity University, Ranchi",Jharkhand,Science,654,670,7.8,8.2,7.5,8.5,7.2,7,8.2
Doranda College,Jharkhand,Science,654,670,6.3,6.8,5.3,7.3,6.7,5,6.5
"Icfai University, Ranchi",Jharkhand,Science,654,670,7.2,7.8,6.1,8.6,6.4,6.7,7.4
Sarala Birla University,Jharkhand,Science,654,670,8.5,8.6,8.3,8.4,8.8,8.4,8.2
"Marwari College, Ranchi",Jharkhand,Science,654,670,6.9,8.1,5.2,7.9,6.8,6.9,6.7
Capital University,Jharkhand,Science,654,670,8.2,8.3,8.1,8,8.3,8.1,8.1
Ramchandra Chandravansi University,Jharkhand,Science,654,670,5.7,7,7.4,8.2,6,4,8.1
"Coxtan Administrative & Management College, Dhanbad",Jharkhand,Science,654,670,7.9,8.2,7.4,8.2,8,7.5,8.1
"Annada College, Hazaribagh",Jharkhand,Science,654,670,6.9,8.1,5.3,7.4,7.3,6.2,7.2
"B.S.K. College, Barharwa, Sahibganj",Jharkhand,Science,654,670,6.8,8.2,5.8,8.3,7,4.2,7.5
Indian Institute Of Technology,Himachal Pradesh,Science,654,670,7.8,7.8,8,7.7,7.5,7.5,8.1
National Institute Of Technology,Himachal Pradesh,Science,654,670,8.2,7.9,8.1,7.7,9,7.8,8.5
"Faculty Of Management Sciences And Liberal Arts,",Himachal Pradesh,Science,654,670,8.9,8.4,8.3,9.3,8.9,9,9.5
"St Bede'S College, Shimla",Himachal Pradesh,Science,654,670,7.9,8.3,8.3,7.7,8.5,7.1,7.6
Indus International University,Himachal Pradesh,Science,654,670,6.8,8,7,7,6,7,6
Jaypee University Of Information Technology,Himachal Pradesh,Science,654,670,7.9,8,8.4,7,8.7,7.9,7.6
Dr Ys Parmar University Of Horticulture And,Himachal Pradesh,Science,654,670,7.9,8.6,8.5,8.4,8.1,5.3,8.2
Chaudhary Sarwan Kumar Himachal Pradesh Krishi Vishvavidyalaya,Himachal Pradesh,Science,654,670,8.7,9.2,8.4,8.7,8.8,8.4,8.7
"Shoolini University, Solan",Himachal Pradesh,Science,654,670,8.3,8.4,7.6,8.4,8.6,8.3,8.7
Heritage Institute Of Hotel And Tourism,Himachal Pradesh,Science,654,670,8.8,8.7,9.3,9,8,9,9
Maharishi Markandeshwar,Himachal Pradesh,Science,654,670,8.6,9,8.2,8.9,8.2,8.4,8.9
Eternal University,Himachal Pradesh,Science,654,670,7.5,7.4,7.1,7.8,8.2,7.1,7.4
Abhilashi University,Himachal Pradesh,Science,654,670,8.4,8.9,8.3,8.4,8.6,8.1,8.1
Baddi University Of Emerging Sciences And Technologies,Himachal Pradesh,Science,654,670,7.1,6.7,6.9,7.2,7.3,7,7.7
Iec University Baddi,Himachal Pradesh,Science,654,670,7.6,7.5,7.5,7.4,7.7,8,7.5
Career Point University,Himachal Pradesh,Science,654,670,7.5,7.5,7.4,7,7.6,6.6,8.6
Sri Sai University,Himachal Pradesh,Science,654,670,7.4,7.3,6.3,8.2,7.7,6.8,8
"Arni University, Kangra",Himachal Pradesh,Science,654,670,8,8.2,7.4,8.1,8.4,7.7,8.4
Bahra University,Himachal Pradesh,Science,654,670,7.6,7.8,7.5,8,7.7,7,7.6
Maharaja Agrasen University,Himachal Pradesh,Science,654,670,7.5,7.7,7.5,7.6,8.7,7,6.2
"Icfai University, Baddi",Himachal Pradesh,Science,654,670,8,9,7,8,8,8,8
Manav Bharti University,Himachal Pradesh,Science,654,670,6.2,5.3,4.7,6.7,7,6.3,7
"Chitkara University, Solan",Himachal Pradesh,Science,654,670,8.2,8.2,7.5,8.2,8.4,8.8,8.3
"Akal College Of Engineering And Technology, Sirmaur",Himachal Pradesh,Science,654,670,7.9,8.2,7.4,8.2,8,7.5,8.1
"Akal College Of Economics, Commerce And Management,",Himachal Pradesh,Science,654,670,7.9,8.2,7.4,8.2,8,7.5,8.1
"Faculty Of Applied Sciences And Biotechnology, Shoolini",Himachal Pradesh,Science,654,670,8.4,8.3,8.5,8.2,8.7,8,8.1
Baba Balak Nath Post Graduate College,Himachal Pradesh,Science,654,670,8,8.2,7.4,8.2,8,7.5,8.1
"Ggdsd College, Palampur",Himachal Pradesh,Science,654,670,7.9,8.2,7.4,8.2,8,7.5,8.1
"Government Post Graduate College, Una",Himachal Pradesh,Science,654,670,8.6,9,8.3,8.3,9.5,7.5,8.7
Shri Mata Vaishno Devi University,Jammu,Science,654,670,7.6,7.5,7.9,7,8.3,6.7,8.3
Central Institute Of Temperate Horticultural,Jammu,Science,654,670,7.9,8.2,7.4,8.2,8,7.5,8.1
"University Of Jammu, Jammu",Jammu,Science,654,670,6.6,7.5,6.8,7.4,7.6,4.9,5.6
Sher-E-Kashmir University Of Agricultural Sciences And Technology,Jammu,Science,654,670,7.4,8.4,7.4,7.7,8,5.9,7.2
Indian Institute Of Management,Jammu,Science,654,670,9,8.7,8.7,9.2,8.8,8.7,9.6
"Government Degree College, Srinagar",Jammu,Science,654,670,7.1,7.7,6.9,7.6,7,5.7,7.8
National Institute Of Technology,Jammu,Science,654,670,6.8,7.1,6.3,7.1,6.8,6.6,6.9
Indian Institute Of Technology,Jammu,Science,654,670,8.3,8.9,8.8,8,7.8,7.6,8.6
Islamic University Of Science And Technology,Jammu,Science,654,670,7.4,8.4,6.9,8.2,8,5.5,7.2
"Amar Singh Government Degree College, Srinagar",Jammu,Science,654,670,7.1,8.2,6.2,8.6,7.6,5.2,6.9
Government College For Women,Jammu,Science,654,670,7.5,8.6,7.8,8.4,8.2,3.7,8.1
"Government College For Women, Srinagar",Jammu,Science,654,670,6.8,7,7,7,8,3.5,8.5
"Government Degree College, Jammu",Jammu,Science,654,670,7,8,6.3,7.8,8,4.1,7.8
"Government Degree College For Boys, Anantnag",Jammu,Science,654,670,6.1,6.9,5.1,6.6,6.9,4.6,6.2
"Government Degree College For Boys, Udhampur",Jammu,Science,654,670,6.6,6.7,5.7,7,6.7,5.3,8
"Government Degree College For Women, Anantnag",Jammu,Science,654,670,8,9,6,9,9,7,8
"Government Mam College, Jammu",Jammu,Science,654,670,7.1,7.4,6.3,8.3,7,5.1,8.4
"Swami Vishwatamanand Saraswati Degree College, Rajauri",Jammu,Science,654,670,8.8,8,9,9,9,9,9
"Government Degree College, Doda",Jammu,Science,654,670,6.7,8.2,7.4,8.2,8,7.5,8.1
Sher-I-Kashmir Institute Of Medical Sciences,Jammu,Science,654,670,6.6,8,4.7,6.3,6.8,8,5.7
"Government Degree College, Kathua",Jammu,Science,654,670,6.3,7,6.1,7.3,6.4,4.9,6.3
Sant Rocha Singh Degree College,Jammu,Science,654,670,7.9,8.2,7.4,8.2,8,7.5,8.1
Bhargava Degree College,Jammu,Science,654,670,7.9,8.2,7.4,8.2,8,7.5,8.1
Baba Ghulam Shah Badshah University,Jammu,Science,654,670,7.2,7.9,7.6,7.4,7.1,5.9,7.1
"Central University Of Jammu, Jammu",Jammu,Science,654,670,8.2,8.4,7.8,8.5,8.6,7.3,8.5
Central University Of Kashmir,Jammu,Science,654,670,7.8,8.2,7.8,8.4,7.2,7.4,7.6
University Of Kashmir,Jammu,Science,654,670,6.7,7,6.9,7.1,7.2,5.1,6.8
"Govt. Gandhi Memorial Science College, Jammu",Jammu,Science,654,670,6.7,7.3,6.1,7.9,6.8,4.2,7.6
"Gandhi Memorial College, Srinagar",Jammu,Science,654,670,5.6,6.7,4.4,7.9,5.7,3.3,5.6
"Government Degree College, Baramulla",Jammu,Science,654,670,7.4,8.2,6.4,8.4,8,6.3,7.3
Mehr Chand Mahajan Dayanand Anglo Vedic College,Chandigarh,Science,654,670,8.2,8.4,8,8.5,8.2,7.6,8.4
"Post Graduate Government College, Chandigarh",Chandigarh,Science,654,670,7.7,8.4,7.3,8.4,7.4,6.5,7.9
"Government Home Science College, Chandigarh",Chandigarh,Science,654,670,9.1,8.7,9.3,9.3,8.7,8.7,9.7
Goswami Ganesh Dutt Sanatan Dharama College,Chandigarh,Science,654,670,8.1,8.6,7.6,8.5,8.1,7.1,8.8
Post Graduate Institute Of Medical Education &,Chandigarh,Science,654,670,8,8.3,6.8,8.8,8.2,8,8
Panjab University,Chandigarh,Science,654,670,7.7,8.2,7.7,8,7.7,6.5,8.2
Government Medical College And Hospital,Chandigarh,Science,654,670,7.9,8.7,7,8.5,8.2,6.9,8.3
"Chitkara School Of Hospitality -[Csh], Chandigarh",Chandigarh,Science,654,670,8.4,8.7,7,9,8.3,8.7,8.5
"University Institute Of Tourism And Hospitality Management,",Chandigarh,Science,654,670,9.6,9.8,9.4,9.8,9.6,9.6,9.6
Punjab Engineering College University Of Technology,Chandigarh,Science,654,670,8,7.9,7.3,7.6,7.7,8.4,9
"University School Of Business, Chandigarh University",Chandigarh,Science,654,670,9.1,9.1,8.8,9.1,9.2,9.3,8.9
Dav College,Chandigarh,Science,654,670,8,8.4,7.4,8.3,8,6.8,8.8
"Morph Academy, Chandigarh",Chandigarh,Science,654,670,8.3,9,6,9,8.5,8.5,9
"Post Graduate Government College For Girls, Chandigarh",Chandigarh,Science,654,670,8.1,8.6,8.4,8.9,8.2,6.1,8.5
"University Institute Of Engineering And Technology -[Uiet],",Chandigarh,Science,654,670,7.4,7.5,7.5,7.4,7,7,8.2
Lm Thapar School Of Management,Chandigarh,Science,654,670,7.9,7.7,8.1,8,7.9,7.7,7.8
"Guru Gobind Singh College For Women, Chandigarh",Chandigarh,Science,654,670,6.5,7.5,5.5,8.3,6,3.7,8
Institute Of Technology And Future Management Trends,Chandigarh,Science,654,670,7,6.8,7.3,6.6,7,6.6,7.4
"Iitt Institutions, Chandigarh",Chandigarh,Science,654,670,7.9,8.2,7.4,8.2,8,7.5,8.1
Dr. S. S. Bhatnagar University Institute Of,Chandigarh,Science,654,670,7.1,7,7.9,6.9,5.7,7.1,8
"Gurukul Vidyapeeth, Chandigarh",Chandigarh,Science,654,670,3.5,5,3,4,3,2,4
"Dev Samaj College For Women, Chandigarh",Chandigarh,Science,654,670,8.3,8.3,8.7,9.4,8.3,6.5,8.4
Indian National Portage Association,Chandigarh,Science,654,670,7.9,8.2,7.4,8.2,8,7.5,8.1
Inter National Institute Of Fashion Design,Chandigarh,Science,654,670,7.4,7.5,5.7,8.5,6,7.8,8.6
International Institute Of Fashion Technology,Chandigarh,Science,654,670,8.7,9.3,8.7,9,9,8,8.3
Shivalik Institute Of Paramedical Technology,Chandigarh,Science,654,670,7.7,8.5,7.3,7.8,7.3,7.3,7.8
"Bhavik College Of Management And Information Technology,",Chandigarh,Science,654,670,7.9,8.2,7.4,8.2,8,7.5,8.1
"Artex Informatic Solutions, Chandigarh",Chandigarh,Science,654,670,7.9,8.2,7.4,8.2,8,7.5,8.1
"Anovus Institute Of Clinical Research, Chandigarh",Chandigarh,Science,654,670,7.9,8.2,7.4,8.2,8,7.5,8.1
"St. Xavier'S College, Bardez",Goa,Science,654,670,7.6,8.1,7.2,7.9,8.3,5.3,8.6
National Institute Of Technology,Goa,Science,654,670,7.3,8.3,6,8.4,5.6,7.9,7.6
Indian Institute Of Technology,Goa,Science,654,670,8,8.4,7.9,8.5,7.9,7,8.4
Birla Institute Of Technology And Science,Goa,Science,654,670,8.5,8.4,8.3,7.8,8.7,8.7,8.9
"Government College Of Arts Science And Commerce Sanquelim, North Goa",Goa,Science,654,670,7.9,8.2,7.4,8.2,8,7.5,8.1
National Centre For Antarctic And Ocean Research,Goa,Science,654,670,9.2,9,9,8.2,8,7.5,8.1
"Carmel College For Women, Salcete",Goa,Science,654,670,7.5,9,5.3,9.3,6.3,6.3,9
"Dctâ€™S Dhempe College Of Arts And Science, Panji",Goa,Science,654,670,7.3,8.2,6.5,8,7.5,5.3,8.5
"Dnyanprassarak Mandal'S College Of Arts Science Commerce Management Studies & Technology, Bardez",Goa,Science,654,670,6.6,7.2,5.2,7.8,7.2,5.8,6.4
"Government College Of Arts Science And Commerce Quepem, North Goa",Goa,Science,654,670,7.8,8,8,9.7,6.5,5,9.3
"Parvatibai Chowgule College Of Arts And Science, Salcete",Goa,Science,654,670,7.6,7.3,6.3,8.5,8.3,6.6,8.5
"Goa Medical College And Hospital, Tiswadi",Goa,Science,654,670,8.3,8.5,7.5,8.7,8.1,8.4,8.5
National Institute Of Oceanography,Goa,Science,654,670,8.8,9.5,8.8,8.9,9.3,8.3,8.2
"Goa University, North Goa",Goa,Science,654,670,7.9,8.6,7.4,7.8,7.7,8,7.6
V.M. Salgaocar Institute Of International Hospitality Education,Goa,Science,654,670,7.9,8.2,7.4,8.2,8,7.5,8.1
International Institute Of Hotel Management,Goa,Science,654,670,8.7,8.5,8.5,8.9,8.5,9.1,8.6
"Jd Institute Of Fashion Technology, Panji",Goa,Science,654,670,7.9,8.2,7.4,8.2,8,7.5,8.1
"Government College Of Arts, Science And Commerce, North Goa",Goa,Science,654,670,7.9,8.2,7.4,8.2,8,7.5,8.1
Government Polytechnic,Goa,Science,654,670,7.9,8.2,7.4,8.2,8,7.5,8.1
North Eastern Regional Institute Of Science And Technology,Arunachal Pradesh,Science,654,670,6.9,7.8,6.7,7.2,6.5,5.1,8.3
"Arunodaya University, Itanagar",Arunachal Pradesh,Science,654,670,8.4,9,8.5,8.2,9,7.5,7.9
National Institute Of Technology,Arunachal Pradesh,Science,654,670,7.3,7.4,7.1,7.7,6.5,7.4,7.8
Himalayan University,Arunachal Pradesh,Science,654,670,8.6,8.6,8,8.9,9.1,8.1,9
Dera Natung Government College,Arunachal Pradesh,Science,654,670,4.3,4.7,1.5,6.3,5,2.3,6
Apex Professional University,Arunachal Pradesh,Science,654,670,7.4,7.5,7.5,7.5,7.5,7.5,7
"Jawaharlal Nehru College, East Siang",Arunachal Pradesh,Science,654,670,7.9,8.2,7.4,8.2,8,7.5,8.1
Rajiv Gandhi University,Arunachal Pradesh,Science,654,670,7,7.4,6.6,7.7,7.6,5.4,7.2
Arunachal University Of Studies,Arunachal Pradesh,Science,654,670,8.3,8.7,7.9,8.4,8.1,8.2,8.4
"Institute Of Distance Education, Rajiv Gandhi University, Itanagar",Arunachal Pradesh,Science,654,670,7.9,8.2,7.4,8.2,8,7.5,8.1
North East Frontier Technical University,Arunachal Pradesh,Science,654,670,8.3,9,7.6,8.5,8.2,8.7,8
Venkateshwara Open University,Arunachal Pradesh,Science,654,670,7.9,8.3,7.3,8.5,7.5,7.8,8.2
"Indira Gandhi Technological And Medical Sciences University, Ziro",Arunachal Pradesh,Science,654,670,7.9,8.2,7.4,8.2,8,7.5,8.1
Rajiv Gandhi Government Polytechnic,Arunachal Pradesh,Science,654,670,7.9,8.2,7.4,8.2,8,7.5,8.1
"The Global University, Itanagar",Arunachal Pradesh,Science,654,670,7.9,8.2,7.4,8.2,8,7.5,8.1
"Mudo Tamo Memorial College, Lower Subansiri",Arunachal Pradesh,Science,654,670,7.9,8.2,7.4,8.2,8,7.5,8.1
Indian Institute Of Management,Meghalaya,Science,654,670,8.9,8.8,8.8,9,8.9,8.9,8.7
National Institute Of Technology,Meghalaya,Science,654,670,7.3,8.1,7,7.9,6.1,7.1,7.5
"Cmj University, Ri-Bhoi",Meghalaya,Science,654,670,8.3,8.8,7.8,8.5,7.8,8.2,8.6
North-Eastern Hill University,Meghalaya,Science,654,670,7.9,7.9,7.8,8.2,8.4,6.6,8.2
Martin Luther Christian University,Meghalaya,Science,654,670,7.9,8.3,8,8.4,7,7.4,8.1
University Of Science And Technology,Meghalaya,Science,654,670,8.4,8.7,8.1,8.7,8.5,7.9,8.5
Mahatma Gandhi University,Meghalaya,Science,654,670,8.1,9,7,9,9,6.3,8.4
William Carey University,Meghalaya,Science,654,670,8.5,9.2,8.4,8.4,8.2,8.1,8.6
"Lady Keane College, Shillong",Meghalaya,Science,654,670,7.9,8.2,7.4,8.2,8,7.5,8.1
"Sankardev College, Shillong",Meghalaya,Science,654,670,8.1,8.7,8,8,8,7.7,8
"St Anthony'S College, Shillong",Meghalaya,Science,654,670,8.3,8.9,7.4,8.4,8.9,6.9,9
"St Mary'S College, Shillong",Meghalaya,Science,654,670,7.2,7,8,8,7.7,5.3,7.3
"Synod College, Shillong",Meghalaya,Science,654,670,3.5,4.3,1,5,3.5,2,5
"Union Christian College, Shillong",Meghalaya,Science,654,670,8.4,9,8.5,7.7,9,6.6,9.7
"Shillong College, Shillong",Meghalaya,Science,654,670,7,6.5,6,8.6,6.7,6.4,7.8
"St. Edmund'S College, Shillong",Meghalaya,Science,654,670,7.9,8.2,7.4,8.2,8,7.5,8.1
"Nagaland University, Zunhebotto",Nagaland,Science,654,670,8.1,8.1,7.7,8.7,7.8,7.8,8.3
National Research Centre On Mithun,Nagaland,Science,654,670,7.9,8.2,7.4,8.2,8,7.5,8.1
National Institute Of Technology,Nagaland,Science,654,670,7,7.3,6,7.5,6.3,7.2,7.8
"St.Joseph University, Dimapur",Nagaland,Science,654,670,8.1,8.4,7.9,8.3,8,8.1,8.1
"Immanuel College, Dimapur",Nagaland,Science,654,670,5.3,6,5,8,5,1,7
"Patkai Christian College, Dimapur",Nagaland,Science,654,670,8.1,9,7,9.4,8.3,5.8,9
"St Joseph'S College, Kohima",Nagaland,Science,654,670,8.4,9,7.9,8.5,8.9,7.1,9.2
Kohima Science College,Nagaland,Science,654,670,7.6,8.6,7.6,8.3,7.2,6,8
The Global Open University,Nagaland,Science,654,670,7.8,8.9,7.3,8.4,7.6,7.3,7.4
"Fazl Ali College, Mokokchung",Nagaland,Science,654,670,7.5,8.2,7.3,7.8,7.6,6.2,7.6
Modern College Kohima,Nagaland,Science,654,670,7.9,8.2,7.4,8.2,8,7.5,8.1
Model Christian College,Nagaland,Science,654,670,7.9,8.2,7.4,8.2,8,7.5,8.1
Jawaharlal Institute Of Post Graduate Medical Education And Research,Puducherry,Science,654,670,8.8,9.5,7.8,9,8.9,9.1,8.7
Pondicherry University,Puducherry,Science,654,670,7.8,8,7.3,8,8.1,6.9,8.4
Pondicherry Engineering College,Puducherry,Science,654,670,7.8,8.5,6.9,8.1,7.5,8,7.7
Bharathidasan Government College For Women,Puducherry,Science,654,670,7.4,7.7,6.4,7.4,7.6,7.6,7.6
Pandit Jawaharlal Nehru College Of Agriculture & Research Institute,Puducherry,Science,654,670,8.1,8.1,7.8,8.3,7.9,7.7,8.8
National Institute Of Technology,Puducherry,Science,654,670,7,7.8,6.8,7.2,6.3,6.6,7.2
Sri Balaji Vidyapeeth University,Puducherry,Science,654,670,8.9,9,8.5,9.3,9.5,9,8
Achariya School Of Business & Technology,Puducherry,Science,654,670,8.5,8,8,9,9,9,8
Achariya Arts And Science College,Puducherry,Science,654,670,7.2,7.5,6.7,7.5,6.9,7.3,7.5
Avvaiyar Government College For Women,Puducherry,Science,654,670,7.9,8.2,7.4,8.2,8,7.5,8.1
"Dr Srk Government Arts College, Yanam",Puducherry,Science,654,670,7.9,8.2,7.4,8.2,8,7.5,8.1
"Idhaya Arts And Science College For Women, Pondicherry",Puducherry,Science,654,670,5.7,5.8,5.4,5.6,6,5.8,5.8
Kanchi Mamunivar Centre For Post Graduate Studies,Puducherry,Science,654,670,5.8,6,5,6,5.5,6,6.5
"Perunthalaivar Kamarajar Government Arts College, Pondicherry",Puducherry,Science,654,670,6.2,6.3,5.8,7.3,5.8,5,7
Tagore Art College,Puducherry,Science,654,670,6.1,6.7,5.4,7,6,5.7,6
Aarupadai Veedu Medical College,Puducherry,Science,654,670,7.5,7.9,6.6,8.4,6.6,7.9,7.6
The French Institute Of Pondicherry,Puducherry,Science,654,670,7.9,8.2,7.4,8.2,8,7.5,8.1
"Mahatma Gandhi Medical College And Research Institute, Sri Balaji Vidyapeeth",Puducherry,Science,654,670,8.5,8.6,8.1,9,8.6,8,8.7
"Sree Lakshmi Narayana Institute Of Medical Sciences, Pondicherry",Puducherry,Science,654,670,8,8.3,8.1,8.3,8.1,7.7,7.6
"Sri Chakra Maritime College, Pondicherry",Puducherry,Science,654,670,7.9,8.2,7.4,8.2,8,7.5,8.1
"Indira Gandhi College Of Arts And Science, Pondicherry",Puducherry,Science,654,670,7.1,7.3,6.6,7.3,7.3,7,7.1
Mahatma Gandhi Government Arts College,Puducherry,Science,654,670,5.7,8,4,5.3,7.7,2,7.3
Mother Teresa Post Graduate And Research Institute Of Health Sciences,Puducherry,Science,654,670,6.6,7,6.2,6.9,6.6,5.7,7
National Institute Of Technology,Tripura,Science,654,670,8,8.1,7.7,7.3,8.7,7.8,8.2
"Icfai University, West Tripura",Tripura,Science,654,670,8,8.1,7.6,8.1,8.3,7.6,8.5
Bhavan'S Tripura College Of Science And Technology,Tripura,Science,654,670,4.3,4,4,5,5,4,4
Bir Bikram Memorial College,Tripura,Science,654,670,7.8,8.5,7.5,8,7.5,7,8
Dasarath Deb Memorial College,Tripura,Science,654,670,5.8,8,4,7,6,3,7
"Holy Cross College, Agartala",Tripura,Science,654,670,7.3,8.1,7.9,8.1,6.9,5.3,7.4
"Netaji Subhash Mahavidyalaya, Udaipur",Tripura,Science,654,670,7.9,8.2,7.4,8.2,8,7.5,8.1
"Ramthakur College, West Tripura",Tripura,Science,654,670,7.1,8.4,4.6,8.4,7.8,7,6.6
"Womens College, Agartala",Tripura,Science,654,670,7.5,8.2,7.4,8.2,8,7.5,8.1
"Government Degree College, North Tripura",Tripura,Science,702,670,7.8,8.2,7.4,8.2,8,7.5,8.1
"Tripura University, West Tripura",Tripura,Science,654,670,7.5,8,7.1,8.4,7.6,6,8
"Maharaja Bir Bikram College, Agartala",Tripura,Science,654,670,6.6,6.9,4,7.7,7.3,6.2,7.2
"Government Degree College, Dhalai",Tripura,Science,320,670,7.9,8.2,7.4,8.2,8,7.5,8.1
Kabi Nazrul Mahavidyalaya,Tripura,Science,654,670,7.9,8.2,7.4,8.2,8,7.5,8.1
"Adwaita Malla Barman Smriti Mahavidyalaya (Ambs), Amarpur",Tripura,Science,968,670,7.9,8.2,7.4,8.2,8,7.5,8.1
"Maharaja Bir Bikram University, Agartala",Tripura,Science,654,670,7.9,8.2,7.4,8.2,8,7.5,8.1
Sikkim Manipal Institute Of Medical Sciences,Sikkim,Science,654,670,7.1,7.6,6.2,7.8,6.9,7.5,6.8
"Icfai University, Gangtok",Sikkim,Science,654,670,6.8,6.7,6.8,7,6.7,7,6.6
"Srm University Sikkim, Gangtok",Sikkim,Science,654,670,8.1,7.7,7.1,8.5,8.3,8.3,8.4
Sikkim Manipal University,Sikkim,Science,654,670,7.4,7.9,6.5,8.2,7.6,6.8,7.4
National Institute Of Technology,Sikkim,Science,654,670,7.5,8.1,7.2,8,6.5,7.8,7.6
Vinayaka Missions Sikkim University,Sikkim,Science,654,670,7.8,7.8,7.8,8,7.8,7.5,7.8
Sikkim Manipal Institute Of Technology,Sikkim,Science,654,670,8.7,8.7,8.5,8.6,8.9,8.5,8.7
College Of Agricultural Engineering And Post Harvest Technology,Sikkim,Science,654,670,6.8,6.8,6.2,7.1,6.6,6.6,7.4
"Damber Singh College, East Sikkim",Sikkim,Science,654,670,8,8,8,8,8,8,8
"Nar Bahadur Bhandari Degree College, East Sikkim",Sikkim,Science,654,670,7.7,8,7.7,9,7.7,5.3,8.3
"Harkamaya College Of Education, East Sikkim",Sikkim,Science,654,670,7.8,7,8,8,9,7,8
"Sikkim University, Gangtok",Sikkim,Science,654,670,8.4,9,8.3,8.9,7.4,8.1,8.5
Directorate Of Distance Education Sikkim Manipal University,Sikkim,Science,654,670,8.2,8.8,7.7,7.9,8.7,8.1,8.2
National Institute Of Technology,Manipur,Science,654,670,7.9,7.9,7.1,8.2,7.4,8.4,8.2
"Regional Institute Of Medical Sciences, Imphal",Manipur,Science,654,670,7,8.3,5.5,7.6,6.8,7.4,6.4
Central Agricultural University,Manipur,Science,654,670,7.5,8,6.7,7.5,9,6.8,7
Sangai International University,Manipur,Science,654,670,8.1,8.3,7,8.3,9,8,8.2
Indian Institute Of Information Technology,Manipur,Science,654,670,6.8,7.1,6.7,7.6,6.3,6.6,6.2
"Kakching Khunou College, Thoubal",Manipur,Science,654,670,7.9,8.2,7.4,8.2,8,7.5,8.1
"United College, Chandel",Manipur,Science,654,670,7.9,8.2,7.4,8.2,8,7.5,8.1
"Dm College Of Science, Imphal",Manipur,Science,654,670,6.4,7.3,5.6,8.1,5.5,4,7.9
"Imphal College, Imphal",Manipur,Science,654,670,6.2,8,4.5,6.5,5,4.5,8.5
Institute Of Bioresources And Sustainable Development,Manipur,Science,654,670,7.2,7,7,7,7,8,7
"Waikhom Mani Girl'S College, Thoubal",Manipur,Science,654,670,7.9,8.2,7.4,8.2,8,7.5,8.1
Manipur University,Manipur,Science,654,670,8.1,8.4,8.2,8.5,7.7,7.2,8.4
"Lilong Haoreibi College, Imphal",Manipur,Science,654,670,6.3,5,5,7.5,5,7,8
"The Modern College, Imphal",Manipur,Science,654,670,5.7,7,7,6,4,5,5
National Sports University,Manipur,Science,654,670,5.7,6,1,7.2,6,6.7,7.5
"Dhanamanjuri University, Imphal",Manipur,Science,654,670,6.9,7.5,8,7,7,5,8.1
"Bir Tikendrajit University, Imphal",Manipur,Science,654,670,7.9,8.2,7.4,8.2,8,7.5,8.1
National Institute Of Technology,Mizoram,Science,654,670,5.4,6.3,4.5,6.4,3.9,6.5,5
"Icfai University, Aizawl",Mizoram,Science,654,670,7,7.1,6.9,7.2,6.9,6.8,6.8
"Government Champhai College, Champhai",Mizoram,Science,654,670,7.9,8.2,7.4,8.2,8,7.5,8.1
"Government Saiha College, Saiha",Mizoram,Science,654,670,7.9,8.2,7.4,8.2,8,7.5,8.1
"Pachhunga University College, Aizawl",Mizoram,Science,654,670,8.3,9.3,8,8.8,9,6.1,8.5
"Govt Zirtiri Residential Science College, Aizawl",Mizoram,Science,654,670,7.9,8.2,7.4,8.2,8,7.5,8.1
Mizoram University,Mizoram,Science,654,670,8,8.7,7,8.8,8,7.6,7.9
College Of Veterinary Science & Animal Husbandry,Mizoram,Science,654,670,7.9,8.2,7.4,8.2,8,7.5,8.1
"Government Serchhip College, Serchhip",Mizoram,Science,654,670,7.9,8.2,7.4,8.2,8,7.5,8.1
National Institute Of Electronics & Information Technology,Mizoram,Science,654,670,5.3,7,6,8.2,7,1,8.1
"Dr. B R Ambedkar Institute Of Technology, Port Blair",Andaman,Science,654,670,7.9,8.2,7.4,8.2,8,7.5,8.1
Jawaharlal Nehru Rajkeeya Mahavidyalaya,Andaman,Science,939,670,6.6,8.5,5,7,7.5,2.5,9
"Mahatma Gandhi Government College, Mayabander",Andaman,Science,654,670,7.9,8.2,7.4,8.2,8,7.5,8.1
"Tagore Government College Of Education, Port Blair",Andaman,Science,654,670,9,9,7.4,8.2,9,9,8.1
